set,arm,gene,in_p1,in_p2,in_sig,kept
full,pericentral,RHBG,True,True,True,True
full,pericentral,SLCO1B3,True,True,True,True
full,pericentral,CYP3A4,True,True,True,True
full,pericentral,ELN,True,True,True,True
full,pericentral,SERPINE1,True,True,True,True
full,pericentral,ALAS1,True,True,True,True
full,pericentral,TBX3,True,True,True,True
full,pericentral,GLUL,True,True,True,True
full,pericentral,PGGHG,True,True,True,True
full,pericentral,PLIN1,True,True,True,True
full,pericentral,NAGS,True,True,True,True
full,pericentral,CYP1A2,True,True,True,True
full,pericentral,KIF12,True,True,True,True
full,pericentral,GPAM,True,True,True,True
full,pericentral,CYP3A43,True,True,True,True
full,pericentral,FBXO31,True,True,True,True
full,pericentral,SREBF1,True,True,True,True
full,pericentral,FASN,True,True,True,True
full,pericentral,DUSP1,True,True,True,True
full,pericentral,PPP1R3B,True,True,True,True
full,pericentral,ASPSCR1,True,True,True,True
full,pericentral,GADD45G,True,True,True,True
full,pericentral,ACSL5,True,True,True,True
full,pericentral,ADAMTSL4,True,True,True,True
full,pericentral,SLC6A12,True,True,True,True
full,pericentral,DMRTA1,True,True,True,True
full,pericentral,UGT1A1,True,True,True,True
full,pericentral,CTNNA3,True,True,True,True
full,pericentral,SEC31B,True,True,True,True
full,pericentral,CLMN,True,True,True,True
full,pericentral,SLC22A3,True,True,True,True
full,pericentral,ITPR2,True,True,True,True
full,pericentral,HSD17B14,True,True,True,True
full,pericentral,TPRG1,True,True,True,True
full,pericentral,CES4A,True,True,True,True
full,pericentral,D2HGDH,True,True,True,True
full,pericentral,ALS2CL,True,True,True,True
full,pericentral,RAD54L2,True,True,True,True
full,pericentral,ACSF2,True,True,True,True
full,pericentral,SLC25A25,True,True,True,True
full,pericentral,ALDH1L1,True,True,True,True
full,pericentral,ADH4,True,True,True,True
full,pericentral,LAMA5,True,True,True,True
full,pericentral,ZFP36L2,True,True,True,True
full,pericentral,TSKU,True,True,True,True
full,pericentral,FAM118A,True,True,True,True
full,pericentral,SRRM2,True,True,True,True
full,pericentral,ZPR1,True,True,True,True
full,pericentral,RGL2,True,True,True,True
full,pericentral,MLXIPL,True,True,True,True
full,pericentral,ADRA1A,True,True,True,True
full,pericentral,TPPP2,True,True,True,True
full,pericentral,PRSS53,True,True,True,True
full,pericentral,GPHN,True,True,True,True
full,pericentral,CACNA1H,True,True,True,True
full,pericentral,ADRA1B,True,True,True,True
full,pericentral,AMPD2,True,True,True,True
full,pericentral,KAT2A,True,True,True,True
full,pericentral,KIFC2,True,True,True,True
full,pericentral,ENGASE,True,True,True,True
full,pericentral,SHROOM1,True,True,True,True
full,pericentral,CYP4F12,True,True,True,True
full,pericentral,TSC22D3,True,True,True,True
full,pericentral,NADK2,True,True,True,True
full,pericentral,KDM2B,True,True,True,True
full,pericentral,DOT1L,True,True,True,True
full,pericentral,PITPNM2,True,True,True,True
full,pericentral,MRNIP,True,True,True,True
full,pericentral,HLF,True,True,True,True
full,pericentral,ABCA8,True,True,True,True
full,pericentral,FOS,True,True,True,True
full,pericentral,BMP1,True,True,True,True
full,pericentral,TSPOAP1,True,True,True,True
full,pericentral,SULT2A1,True,True,True,True
full,pericentral,WDR33,True,True,True,True
full,pericentral,SS18L1,True,True,True,True
full,pericentral,MBD6,True,True,True,True
full,pericentral,TRPM7,True,True,True,True
full,pericentral,AKNA,True,True,True,True
full,pericentral,PFKFB1,True,True,True,True
full,pericentral,THRSP,True,True,True,True
full,pericentral,BCL9L,True,True,True,True
full,pericentral,ABCB4,True,True,True,True
full,pericentral,EML4,True,True,True,True
full,pericentral,TRAK1,True,True,True,True
full,pericentral,FAAH,True,True,True,True
full,pericentral,STARD5,True,True,True,True
full,pericentral,BCL6,True,True,True,True
full,pericentral,FPGS,True,True,True,True
full,pericentral,XAF1,True,True,True,True
full,pericentral,SLC12A7,True,True,True,True
full,pericentral,EVL,True,True,True,True
full,pericentral,DMD,True,True,True,True
full,pericentral,METTL17,True,True,True,True
full,pericentral,TTC31,True,True,True,True
full,pericentral,TM6SF2,True,True,True,True
full,pericentral,PLEKHH3,True,True,True,True
full,pericentral,ABCB11,True,True,True,True
full,pericentral,ASB9,True,True,True,True
full,pericentral,PLA2G4B,True,True,True,True
full,pericentral,HEXD,True,True,True,True
full,pericentral,SLC29A1,True,True,True,True
full,pericentral,AOX1,True,True,True,True
full,pericentral,TMCO6,True,True,True,True
full,pericentral,CTPS1,True,True,True,True
full,pericentral,PEX11A,True,True,True,True
full,pericentral,NFIX,True,True,True,True
full,pericentral,SCARF1,True,True,True,True
full,pericentral,SH3RF2,True,True,True,True
full,pericentral,FTCD,True,True,True,True
full,pericentral,PNPLA2,True,True,True,True
full,pericentral,IL27,True,True,True,True
full,pericentral,CDK13,True,True,True,True
full,pericentral,STAT6,True,True,True,True
full,pericentral,TNS2,True,True,True,True
full,pericentral,MAST4,True,True,True,True
full,pericentral,AGFG2,True,True,True,True
full,pericentral,ARRDC1,True,True,True,True
full,pericentral,CHKA,True,True,True,True
full,pericentral,MYO15B,True,True,True,True
full,pericentral,DGAT1,True,True,True,True
full,pericentral,ING5,True,True,True,True
full,pericentral,CYP2C8,True,True,True,True
full,pericentral,PLIN5,True,True,True,True
full,pericentral,DENND1A,True,True,True,True
full,pericentral,MUC20,True,True,True,True
full,pericentral,SULT1E1,True,True,True,True
full,pericentral,SLTM,True,True,True,True
full,pericentral,THOP1,True,True,True,True
full,pericentral,MREG,True,True,True,True
full,pericentral,ARHGEF40,True,True,True,True
full,pericentral,SPSB3,True,True,True,True
full,pericentral,MPPED1,True,True,True,True
full,pericentral,ADRB2,True,True,True,True
full,pericentral,RCN3,True,True,True,True
full,pericentral,RXRB,True,True,True,True
full,pericentral,ST3GAL6,True,True,True,True
full,pericentral,ZRANB1,True,True,True,True
full,pericentral,HOOK2,True,True,True,True
full,pericentral,INO80E,True,True,True,True
full,pericentral,TSNARE1,True,True,True,True
full,pericentral,PARP10,True,True,True,True
full,pericentral,TMEM25,True,True,True,True
full,pericentral,ZNF512B,True,True,True,True
full,pericentral,AMACR,True,True,True,True
full,pericentral,NR1I3,True,True,True,True
full,pericentral,SLC25A27,True,True,True,True
full,pericentral,NPC1L1,True,True,True,True
full,pericentral,ZNF276,True,True,True,True
full,pericentral,CEPT1,True,True,True,True
full,pericentral,MLLT1,True,True,True,True
full,pericentral,PDK2,True,True,True,True
full,pericentral,ABCD3,True,True,True,True
full,pericentral,AKAP8L,True,True,True,True
full,pericentral,UBAP2L,True,True,True,True
full,pericentral,GNMT,True,True,True,True
full,pericentral,FMO3,True,True,True,True
full,pericentral,RORA,True,True,True,True
full,pericentral,TRIM24,True,True,True,True
full,pericentral,GPRC5C,True,True,True,True
full,pericentral,TXNIP,True,True,True,True
full,pericentral,PNPLA7,True,True,True,True
full,pericentral,SUGCT,True,True,True,True
full,pericentral,EPS8L2,True,True,True,True
full,pericentral,L3HYPDH,True,True,True,True
full,pericentral,ACCS,True,True,True,True
full,pericentral,PHF8,True,True,True,True
full,pericentral,PCYT2,True,True,True,True
full,pericentral,NEIL1,True,True,True,True
full,pericentral,MAPRE3,True,True,True,True
full,pericentral,LMNTD2,True,True,True,True
full,pericentral,EHMT1,True,True,True,True
full,pericentral,FLCN,True,True,True,True
full,pericentral,ZMIZ2,True,True,True,True
full,pericentral,LGALS8,True,True,True,True
full,pericentral,NMRK1,True,True,True,True
full,pericentral,RILP,True,True,True,True
full,pericentral,TNS3,True,True,True,True
full,pericentral,SH3GLB2,True,True,True,True
full,pericentral,IL11RA,True,True,True,True
full,pericentral,GSE1,True,True,True,True
full,pericentral,NUGGC,True,True,True,True
full,pericentral,CAPS,True,True,True,True
full,pericentral,IP6K2,True,True,True,True
full,pericentral,RORC,True,True,True,True
full,pericentral,PLCXD1,True,True,True,True
full,pericentral,JUND,True,True,True,True
full,pericentral,SPHK2,True,True,True,True
full,pericentral,MICA,True,True,True,True
full,pericentral,IFRD1,True,True,True,True
full,pericentral,SCN8A,True,True,True,True
full,pericentral,ECM2,True,True,True,True
full,pericentral,EBNA1BP2,True,True,True,True
full,pericentral,MIB2,True,True,True,True
full,pericentral,TCIRG1,True,True,True,True
full,pericentral,OPLAH,True,True,True,True
full,pericentral,DEPDC7,True,True,True,True
full,pericentral,CA5A,True,True,True,True
full,pericentral,ZFP36L1,True,True,True,True
full,pericentral,HGS,True,True,True,True
full,pericentral,INHBA,True,True,True,True
full,pericentral,GIGYF1,True,True,True,True
full,pericentral,PPARGC1A,True,True,True,True
full,pericentral,SELENBP1,True,True,True,True
full,pericentral,ABCA6,True,True,True,True
full,pericentral,ACAP3,True,True,True,True
full,pericentral,RCOR3,True,True,True,True
full,pericentral,CPSF7,True,True,True,True
full,pericentral,KLHDC2,True,True,True,True
full,pericentral,CBLC,True,True,True,True
full,pericentral,TMEM184A,True,True,True,True
full,pericentral,CD46,True,True,True,True
full,pericentral,CALCOCO1,True,True,True,True
full,pericentral,GLYAT,True,True,True,True
full,pericentral,DNAH1,True,True,True,True
full,pericentral,TUBGCP6,True,True,True,True
full,pericentral,ABCC2,True,True,True,True
full,pericentral,NR0B2,True,True,True,True
full,pericentral,ZKSCAN1,True,True,True,True
full,pericentral,SHC2,True,True,True,True
full,pericentral,TP53I13,True,True,True,True
full,pericentral,SNRNP70,True,True,True,True
full,pericentral,CLASRP,True,True,True,True
full,pericentral,HYI,True,True,True,True
full,pericentral,ARL16,True,True,True,True
full,pericentral,PHF10,True,True,True,True
full,pericentral,NSMF,True,True,True,True
full,pericentral,AGMO,True,True,True,True
full,pericentral,GTF2H4,True,True,True,True
full,pericentral,SEC14L4,True,True,True,True
full,pericentral,GCKR,True,True,True,True
full,pericentral,SLC25A37,True,True,True,True
full,pericentral,ACSM2B,True,True,True,True
full,pericentral,PRPSAP1,True,True,True,True
full,pericentral,PARP3,True,True,True,True
full,pericentral,NME3,True,True,True,True
full,pericentral,TSC2,True,True,True,True
full,pericentral,BCO2,True,True,True,True
full,pericentral,ID2,True,True,True,True
full,pericentral,TRPV1,True,True,True,True
full,pericentral,ATN1,True,True,True,True
full,pericentral,GSDMB,True,True,True,True
full,pericentral,CYP2E1,True,True,True,True
full,pericentral,ZSWIM8,True,True,True,True
full,pericentral,ZNF680,True,True,True,True
full,pericentral,SLC25A42,True,True,True,True
full,pericentral,IRS2,True,True,True,True
full,pericentral,AMDHD2,True,True,True,True
full,pericentral,CYP2D6,True,True,True,True
full,pericentral,ZDHHC18,True,True,True,True
full,pericentral,ENPP1,True,True,True,True
full,pericentral,POFUT2,True,True,True,True
full,pericentral,KHNYN,True,True,True,True
full,pericentral,PAN2,True,True,True,True
full,pericentral,MAN2A2,True,True,True,True
full,pericentral,AFDN,True,True,True,True
full,pericentral,CENPT,True,True,True,True
full,pericentral,CDK3,True,True,True,True
full,pericentral,SBF1,True,True,True,True
full,pericentral,PHF1,True,True,True,True
full,pericentral,UCKL1,True,True,True,True
full,pericentral,TENT4A,True,True,True,True
full,pericentral,GRAMD1C,True,True,True,True
full,pericentral,RHOT2,True,True,True,True
full,pericentral,PRKAG2,True,True,True,True
full,pericentral,SRSF7,True,True,True,True
full,pericentral,SKP2,True,True,True,True
full,pericentral,TNFRSF14,True,True,True,True
full,pericentral,PHKG2,True,True,True,True
full,pericentral,CXXC1,True,True,True,True
full,pericentral,DDI2,True,True,True,True
full,pericentral,SLC23A2,True,True,True,True
full,pericentral,MTG1,True,True,True,True
full,pericentral,SLC17A2,True,True,True,True
full,pericentral,ERCC5,True,True,True,True
full,pericentral,CRY2,True,True,True,True
full,pericentral,CHKB,True,True,True,True
full,pericentral,TNKS1BP1,True,True,True,True
full,pericentral,SEMA6C,True,True,True,True
full,pericentral,DUS3L,True,True,True,True
full,pericentral,PLIN4,True,True,True,True
full,pericentral,PDXK,True,True,True,True
full,pericentral,CYP4F3,True,True,True,True
full,pericentral,BIRC6,True,True,True,True
full,pericentral,PER1,True,True,True,True
full,pericentral,VWCE,True,True,True,True
full,pericentral,RPAIN,True,True,True,True
full,pericentral,HNRNPH3,True,True,True,True
full,pericentral,ATL2,True,True,True,True
full,pericentral,TP53INP1,True,True,True,True
full,pericentral,STX17,True,True,True,True
full,pericentral,THBS3,True,True,True,True
full,pericentral,ANKZF1,True,True,True,True
full,pericentral,WDR59,True,True,True,True
full,pericentral,MTUS1,True,True,True,True
full,pericentral,CBR4,True,True,True,True
full,pericentral,STX16,True,True,True,True
full,pericentral,ACP6,True,True,True,True
full,pericentral,KANK1,True,True,True,True
full,pericentral,SPAG9,True,True,True,True
full,pericentral,ACSS2,True,True,True,True
full,pericentral,NR5A2,True,True,True,True
full,pericentral,CNTLN,True,True,True,True
full,pericentral,VEGFA,True,True,True,True
full,pericentral,RGS12,True,True,True,True
full,pericentral,ZBTB7B,True,True,True,True
full,pericentral,SAP30BP,True,True,True,True
full,pericentral,SCRN2,True,True,True,True
full,pericentral,C11orf24,True,True,True,True
full,pericentral,NXF1,True,True,True,True
full,pericentral,HOMER2,True,True,True,True
full,pericentral,SMAD3,True,True,True,True
full,pericentral,TNRC6A,True,True,True,True
full,pericentral,FGD4,True,True,True,True
full,pericentral,LMBR1L,True,True,True,True
full,pericentral,RBL2,True,True,True,True
full,pericentral,TNKS,True,True,True,True
full,pericentral,FRRS1,True,True,True,True
full,pericentral,ABCG8,True,True,True,True
full,pericentral,WDR6,True,True,True,True
full,pericentral,STX4,True,True,True,True
full,pericentral,TXNRD2,True,True,True,True
full,pericentral,STAU2,True,True,True,True
full,pericentral,CSAD,True,True,True,True
full,pericentral,U2AF1L4,True,True,True,True
full,pericentral,CDK5RAP3,True,True,True,True
full,pericentral,TEN1,True,True,True,True
full,pericentral,TAF1D,True,True,True,True
full,pericentral,GALT,True,True,True,True
full,pericentral,SLC45A3,True,True,True,True
full,pericentral,GALE,True,True,True,True
full,pericentral,APBB3,True,True,True,True
full,pericentral,ATXN2,True,True,True,True
full,pericentral,KMT2D,True,True,True,True
full,pericentral,ANKRD11,True,True,True,True
full,pericentral,ADHFE1,True,True,True,True
full,pericentral,ARHGEF1,True,True,True,True
full,pericentral,SH2B1,True,True,True,True
full,pericentral,SRSF5,True,True,True,True
full,pericentral,ORMDL3,True,True,True,True
full,pericentral,ATP7B,True,True,True,True
full,pericentral,FAM76B,True,True,True,True
full,pericentral,CCNL1,True,True,True,True
full,pericentral,LIPG,True,True,True,True
full,pericentral,ITPRID2,True,True,True,True
full,pericentral,SIN3B,True,True,True,True
full,pericentral,ABCA9,True,True,True,True
full,pericentral,NUP88,True,True,True,True
full,pericentral,SNAPC4,True,True,True,True
full,pericentral,SPPL2B,True,True,True,True
full,pericentral,MICU1,True,True,True,True
full,pericentral,CCDC159,True,True,True,True
full,pericentral,PKD1,True,True,True,True
full,pericentral,MAVS,True,True,True,True
full,pericentral,PPARA,True,True,True,True
full,pericentral,POLM,True,True,True,True
full,pericentral,OTULIN,True,True,True,True
full,pericentral,CREBZF,True,True,True,True
full,pericentral,RAB11FIP3,True,True,True,True
full,pericentral,SYVN1,True,True,True,True
full,pericentral,MOGAT1,True,True,True,True
full,pericentral,NFE2L2,True,True,True,True
full,pericentral,TELO2,True,True,True,True
full,pericentral,GBA2,True,True,True,True
full,pericentral,TUBGCP2,True,True,True,True
full,pericentral,TMEM259,True,True,True,True
full,pericentral,MOV10,True,True,True,True
full,pericentral,FNBP4,True,True,True,True
full,pericentral,MAP3K13,True,True,True,True
full,pericentral,PARP9,True,True,True,True
full,pericentral,RBM14,True,True,True,True
full,pericentral,AQP7,True,True,True,True
full,pericentral,FASTK,True,True,True,True
full,pericentral,ARFRP1,True,True,True,True
full,pericentral,SGK2,True,True,True,True
full,pericentral,ACOX2,True,True,True,True
full,pericentral,GRB14,True,True,True,True
full,pericentral,PRPF38B,True,True,True,True
full,pericentral,ABCA5,True,True,True,True
full,pericentral,ZBTB20,True,True,True,True
full,pericentral,GRTP1,True,True,True,True
full,pericentral,ACADVL,True,True,True,True
full,pericentral,CDK14,True,True,True,True
full,pericentral,SH3BP2,True,True,True,True
full,pericentral,ILF3,True,True,True,True
full,pericentral,MKLN1,True,True,True,True
full,pericentral,ZBTB48,True,True,True,True
full,pericentral,GGA1,True,True,True,True
full,pericentral,KMT2E,True,True,True,True
full,pericentral,KLHL20,True,True,True,True
full,pericentral,SLC25A44,True,True,True,True
full,pericentral,MTMR4,True,True,True,True
full,pericentral,TBC1D17,True,True,True,True
full,pericentral,ERICH1,True,True,True,True
full,pericentral,SLC26A1,True,True,True,True
full,pericentral,HSDL2,True,True,True,True
full,pericentral,DDX39B,True,True,True,True
full,pericentral,DDTL,True,True,True,True
full,pericentral,TMEM63B,True,True,True,True
full,pericentral,TNS1,True,True,True,True
full,pericentral,ZNF638,True,True,True,True
full,pericentral,KLHDC4,True,True,True,True
full,pericentral,RASSF7,True,True,True,True
full,pericentral,TRIM25,True,True,True,True
full,pericentral,DCUN1D4,True,True,True,True
full,pericentral,IQGAP2,True,True,True,True
full,pericentral,EPB41L4B,True,True,True,True
full,pericentral,LLGL2,True,True,True,True
full,pericentral,NIT2,True,True,True,True
full,pericentral,TBC1D2B,True,True,True,True
full,pericentral,PIGL,True,True,True,True
full,pericentral,UPB1,True,True,True,True
full,pericentral,ZDHHC8,True,True,True,True
full,pericentral,ZXDC,True,True,True,True
full,pericentral,SETD5,True,True,True,True
full,pericentral,PER3,True,True,True,True
full,pericentral,IDH3B,True,True,True,True
full,pericentral,ALDH3A2,True,True,True,True
full,pericentral,TNFRSF10B,True,True,True,True
full,pericentral,INF2,True,True,True,True
full,pericentral,CFLAR,True,True,True,True
full,pericentral,GRAMD4,True,True,True,True
full,pericentral,ABCG5,True,True,True,True
full,pericentral,LSS,True,True,True,True
full,pericentral,COQ8A,True,True,True,True
full,pericentral,PPP6R2,True,True,True,True
full,pericentral,SLC17A9,True,True,True,True
full,pericentral,LENG8,True,True,True,True
full,pericentral,KLF9,True,True,True,True
full,pericentral,FERMT2,True,True,True,True
full,pericentral,LIMD1,True,True,True,True
full,pericentral,OGFR,True,True,True,True
full,pericentral,CLK4,True,True,True,True
full,pericentral,YTHDC1,True,True,True,True
full,pericentral,INPP5B,True,True,True,True
full,pericentral,NQO2,True,True,True,True
full,pericentral,SHPK,True,True,True,True
full,pericentral,PDZK1,True,True,True,True
full,pericentral,AKR1D1,True,True,True,True
full,pericentral,IGSF9,True,True,True,True
full,pericentral,STAG1,True,True,True,True
full,pericentral,PBLD,True,True,True,True
full,pericentral,SRCAP,True,True,True,True
full,pericentral,CGN,True,True,True,True
full,pericentral,CNST,True,True,True,True
full,pericentral,APOA5,True,True,True,True
full,pericentral,MOGAT2,True,True,True,True
full,pericentral,INTS11,True,True,True,True
full,pericentral,F13B,True,True,True,True
full,pericentral,TAPT1,True,True,True,True
full,pericentral,CALCOCO2,True,True,True,True
full,pericentral,VPS45,True,True,True,True
full,pericentral,CDO1,True,True,True,True
full,pericentral,LPIN3,True,True,True,True
full,pericentral,KDM4B,True,True,True,True
full,pericentral,ITGA5,True,True,True,True
full,pericentral,DIDO1,True,True,True,True
full,pericentral,MCEE,True,True,True,True
full,pericentral,ACSM5,True,True,True,True
full,pericentral,PILRB,True,True,True,True
full,pericentral,PICALM,True,True,True,True
full,pericentral,MLLT6,True,True,True,True
full,pericentral,OGT,True,True,True,True
full,pericentral,ITFG2,True,True,True,True
full,pericentral,ZER1,True,True,True,True
full,pericentral,RAB11B,True,True,True,True
full,pericentral,VWA8,True,True,True,True
full,pericentral,PREB,True,True,True,True
full,pericentral,PPP2R2D,True,True,True,True
full,pericentral,MPRIP,True,True,True,True
full,pericentral,EPB41L5,True,True,True,True
full,pericentral,KLHL21,True,True,True,True
full,pericentral,IKBKB,True,True,True,True
full,pericentral,CLIP1,True,True,True,True
full,pericentral,CIC,True,True,True,True
full,pericentral,IRF3,True,True,True,True
full,pericentral,ARID4A,True,True,True,True
full,pericentral,COBLL1,True,True,True,True
full,pericentral,NIT1,True,True,True,True
full,pericentral,BCKDHB,True,True,True,True
full,pericentral,SPG7,True,True,True,True
full,pericentral,AAAS,True,True,True,True
full,pericentral,DST,True,True,True,True
full,pericentral,ETS2,True,True,True,True
full,pericentral,MYLK,True,True,True,True
full,pericentral,WDR27,True,True,True,True
full,pericentral,TIA1,True,True,True,True
full,pericentral,PAH,True,True,True,True
full,pericentral,CASC3,True,True,True,True
full,pericentral,AKR1C4,True,True,True,True
full,pericentral,SOX5,True,True,True,True
full,pericentral,TDRP,True,True,True,True
full,pericentral,RAPH1,True,True,True,True
full,pericentral,DCAF5,True,True,True,True
full,pericentral,NFKBIA,True,True,True,True
full,pericentral,CLK1,True,True,True,True
full,pericentral,TRIM41,True,True,True,True
full,pericentral,ACAD11,True,True,True,True
full,pericentral,CPNE1,True,True,True,True
full,pericentral,NECAB2,True,True,True,True
full,pericentral,IKBKG,True,True,True,True
full,pericentral,KLC4,True,True,True,True
full,pericentral,SETD1B,True,True,True,True
full,pericentral,SEC31A,True,True,True,True
full,pericentral,NRDC,True,True,True,True
full,pericentral,NICN1,True,True,True,True
full,pericentral,NKTR,True,True,True,True
full,pericentral,TMEM131L,True,True,True,True
full,pericentral,HECTD3,True,True,True,True
full,pericentral,TYK2,True,True,True,True
full,pericentral,INVS,True,True,True,True
full,pericentral,DYNC1LI2,True,True,True,True
full,pericentral,TNRC18,True,True,True,True
full,pericentral,USP34,True,True,True,True
full,pericentral,FAM20C,True,True,True,True
full,pericentral,SPTBN2,True,True,True,True
full,pericentral,PLXNB1,True,True,True,True
full,pericentral,MTA1,True,True,True,True
full,pericentral,STK3,True,True,True,True
full,pericentral,GRIPAP1,True,True,True,True
full,pericentral,RBM25,True,True,True,True
full,pericentral,BNIP2,True,True,True,True
full,pericentral,PECR,True,True,True,True
full,pericentral,PTPN18,True,True,True,True
full,pericentral,SAT1,True,True,True,True
full,pericentral,MYO18A,True,True,True,True
full,pericentral,NAPRT,True,True,True,True
full,pericentral,USP40,True,True,True,True
full,pericentral,NR1H3,True,True,True,True
full,pericentral,ADD1,True,True,True,True
full,pericentral,RERE,True,True,True,True
full,pericentral,NDEL1,True,True,True,True
full,pericentral,UVSSA,True,True,True,True
full,pericentral,MTTP,True,True,True,True
full,pericentral,PWWP3A,True,True,True,True
full,pericentral,NPHP3,True,True,True,True
full,pericentral,NUP210,True,True,True,True
full,pericentral,TTC38,True,True,True,True
full,pericentral,RNF149,True,True,True,True
full,pericentral,TTC14,True,True,True,True
full,pericentral,SEPSECS,True,True,True,True
full,pericentral,SLC46A1,True,True,True,True
full,pericentral,THNSL2,True,True,True,True
full,pericentral,REV1,True,True,True,True
full,pericentral,SYNE3,True,True,True,True
full,pericentral,RSRC2,True,True,True,True
full,pericentral,BAZ2B,True,True,True,True
full,pericentral,UTY,True,True,True,True
full,pericentral,DBNL,True,True,True,True
full,pericentral,PCMTD2,True,True,True,True
full,pericentral,ARFGAP2,True,True,True,True
full,pericentral,FAM114A1,True,True,True,True
full,pericentral,SMO,True,True,True,True
full,pericentral,HEMK1,True,True,True,True
full,pericentral,RCAN1,True,True,True,True
full,pericentral,AQP9,True,True,True,True
full,pericentral,WWOX,True,True,True,True
full,pericentral,NREP,True,True,True,True
full,pericentral,RPTOR,True,True,True,True
full,pericentral,USP48,True,True,True,True
full,pericentral,NR1H4,True,True,True,True
full,pericentral,TIMM44,True,True,True,True
full,pericentral,PHYKPL,True,True,True,True
full,pericentral,RHOB,True,True,True,True
full,pericentral,MPDZ,True,True,True,True
full,pericentral,BAIAP2,True,True,True,True
full,pericentral,CRELD1,True,True,True,True
full,pericentral,PNPLA3,True,True,True,True
full,pericentral,PRODH2,True,True,True,True
full,pericentral,SRRT,True,True,True,True
full,pericentral,ZRANB2,True,True,True,True
full,pericentral,ERRFI1,True,True,True,True
full,pericentral,GCDH,True,True,True,True
full,pericentral,CDHR5,True,True,True,True
full,pericentral,RAB17,True,True,True,True
full,pericentral,LRCH4,True,True,True,True
full,pericentral,VAV2,True,True,True,True
full,pericentral,ECHDC2,True,True,True,True
full,pericentral,RCL1,True,True,True,True
full,pericentral,TTPA,True,True,True,True
full,pericentral,GADD45A,True,True,True,True
full,pericentral,GCLC,True,True,True,True
full,pericentral,UBXN4,True,True,True,True
full,pericentral,HNF1A,True,True,True,True
full,pericentral,SUPT5H,True,True,True,True
full,pericentral,VMP1,True,True,True,True
full,pericentral,UBR2,True,True,True,True
full,pericentral,CRLS1,True,True,True,True
full,pericentral,MAPK8IP3,True,True,True,True
full,pericentral,MAT1A,True,True,True,True
full,pericentral,LHPP,True,True,True,True
full,pericentral,NDRG2,True,True,True,True
full,pericentral,MAST3,True,True,True,True
full,pericentral,SFXN5,True,True,True,True
full,pericentral,WDR26,True,True,True,True
full,pericentral,USP15,True,True,True,True
full,pericentral,ETFA,True,True,True,True
full,pericentral,IRS1,True,True,True,True
full,pericentral,IMPA1,True,True,True,True
full,pericentral,CIRBP,True,True,True,True
full,pericentral,SARDH,True,True,True,True
full,pericentral,SCRIB,True,True,True,True
full,pericentral,RANBP10,True,True,True,True
full,pericentral,CRTC2,True,True,True,True
full,pericentral,PHACTR4,True,True,True,True
full,pericentral,FBXO9,True,True,True,True
full,pericentral,SLCO1B1,True,True,True,True
full,pericentral,SFXN1,True,True,True,True
full,pericentral,KLF15,True,True,True,True
full,pericentral,ACAT1,True,True,True,True
full,pericentral,TUT7,True,True,True,True
full,pericentral,ESRP2,True,True,True,True
full,pericentral,BRD2,True,True,True,True
full,pericentral,ASH1L,True,True,True,True
full,pericentral,USP19,True,True,True,True
full,pericentral,PDK4,True,True,True,True
full,pericentral,NUMA1,True,True,True,True
full,pericentral,ULK1,True,True,True,True
full,pericentral,MLPH,True,True,True,True
full,pericentral,BCS1L,True,True,True,True
full,pericentral,ENOSF1,True,True,True,True
full,pericentral,ARAP1,True,True,True,True
full,pericentral,MME,True,True,True,True
full,pericentral,GBP7,True,True,True,True
full,pericentral,NFX1,True,True,True,True
full,pericentral,TRPC4AP,True,True,True,True
full,pericentral,GGA2,True,True,True,True
full,pericentral,CYP4V2,True,True,True,True
full,pericentral,KLF6,True,True,True,True
full,pericentral,TRAF4,True,True,True,True
full,pericentral,MGRN1,True,True,True,True
full,pericentral,ECI2,True,True,True,True
full,pericentral,ACSM2A,True,True,True,True
full,pericentral,CNKSR3,True,True,True,True
full,pericentral,ATG4B,True,True,True,True
full,pericentral,PGPEP1,True,True,True,True
full,pericentral,KMT2C,True,True,True,True
full,pericentral,NEU4,True,True,True,True
full,pericentral,SEC16B,True,True,True,True
full,pericentral,CCNL2,True,True,True,True
full,pericentral,ABCA2,True,True,True,True
full,pericentral,KANSL3,True,True,True,True
full,pericentral,MVK,True,True,True,True
full,pericentral,C1orf52,True,True,True,True
full,pericentral,KDM5C,True,True,True,True
full,pericentral,CHRNA4,True,True,True,True
full,pericentral,GYS2,True,True,True,True
full,pericentral,LUC7L,True,True,True,True
full,pericentral,CCDC9,True,True,True,True
full,pericentral,NADK,True,True,True,True
full,pericentral,ELL2,True,True,True,True
full,pericentral,CCDC125,True,True,True,True
full,pericentral,VPS52,True,True,True,True
full,pericentral,CHERP,True,True,True,True
full,pericentral,KANSL1,True,True,True,True
full,pericentral,RAB26,True,True,True,True
full,pericentral,SUGP2,True,True,True,True
full,pericentral,ANKHD1,True,True,True,True
full,pericentral,ARHGEF10L,True,True,True,True
full,pericentral,COBL,True,True,True,True
full,pericentral,TEF,True,True,True,True
full,pericentral,PNISR,True,True,True,True
full,pericentral,FZR1,True,True,True,True
full,pericentral,GPT,True,True,True,True
full,pericentral,PRPF3,True,True,True,True
full,pericentral,CHAD,True,True,True,True
full,pericentral,DDX46,True,True,True,True
full,pericentral,SLC17A4,True,True,True,True
full,pericentral,MLYCD,True,True,True,True
full,pericentral,PHLDB2,True,True,True,True
full,pericentral,BRF1,True,True,True,True
full,pericentral,IGSF8,True,True,True,True
full,pericentral,BRD1,True,True,True,True
full,pericentral,XPC,True,True,True,True
full,pericentral,SYMPK,True,True,True,True
full,pericentral,FYB2,True,True,True,True
full,pericentral,TRIM66,True,True,True,True
full,pericentral,SLC13A5,True,True,True,True
full,pericentral,F11,True,True,True,True
full,pericentral,SAFB2,True,True,True,True
full,pericentral,MACF1,True,True,True,True
full,pericentral,CENPV,True,True,True,True
full,pericentral,ZFAND2B,True,True,True,True
full,pericentral,RDH5,True,True,True,True
full,pericentral,VPS9D1,True,True,True,True
full,pericentral,OSGIN1,True,True,True,True
full,pericentral,RBM6,True,True,True,True
full,pericentral,MTHFD1,True,True,True,True
full,pericentral,ITGA1,True,True,True,True
full,pericentral,MDM4,True,True,True,True
full,pericentral,R3HDM2,True,True,True,True
full,pericentral,ANAPC2,True,True,True,True
full,pericentral,CFI,True,True,True,True
full,pericentral,CTIF,True,True,True,True
full,pericentral,RBP5,True,True,True,True
full,pericentral,AP3D1,True,True,True,True
full,pericentral,PHRF1,True,True,True,True
full,pericentral,LARP4,True,True,True,True
full,pericentral,PTOV1,True,True,True,True
full,pericentral,PTPRF,True,True,True,True
full,pericentral,PI4K2B,True,True,True,True
full,pericentral,BAG6,True,True,True,True
full,pericentral,DHTKD1,True,True,True,True
full,pericentral,TBCD,True,True,True,True
full,pericentral,QTRT1,True,True,True,True
full,pericentral,DMTF1,True,True,True,True
full,pericentral,TPRA1,True,True,True,True
full,pericentral,ARHGAP1,True,True,True,True
full,pericentral,KCTD3,True,True,True,True
full,pericentral,N4BP2L2,True,True,True,True
full,pericentral,EFNA1,True,True,True,True
full,pericentral,SLC22A25,True,True,True,True
full,pericentral,FAM193B,True,True,True,True
full,pericentral,PPP1R12B,True,True,True,True
full,pericentral,ANKRD10,True,True,True,True
full,pericentral,GAS2,True,True,True,True
full,pericentral,RALGPS2,True,True,True,True
full,pericentral,U2SURP,True,True,True,True
full,pericentral,EXOC3L4,True,True,True,True
full,pericentral,PMF1,True,True,True,True
full,pericentral,IDH1,True,True,True,True
full,pericentral,PACSIN3,True,True,True,True
full,pericentral,IL6R,True,True,True,True
full,pericentral,SLC22A18,True,True,True,True
full,pericentral,SRP54,True,True,True,True
full,pericentral,MLLT10,True,True,True,True
full,pericentral,SGSM3,True,True,True,True
full,pericentral,CCS,True,True,True,True
full,pericentral,DNPEP,True,True,True,True
full,pericentral,CARS2,True,True,True,True
full,pericentral,ASXL1,True,True,True,True
full,pericentral,ALAD,True,True,True,True
full,pericentral,CFHR2,True,True,True,True
full,pericentral,ATF6B,True,True,True,True
full,pericentral,CDK9,True,True,True,True
full,pericentral,KIAA1217,True,True,True,True
full,pericentral,SUN1,True,True,True,True
full,pericentral,BHLHE40,True,True,True,True
full,pericentral,SRSF4,True,True,True,True
full,pericentral,PDE8A,True,True,True,True
full,pericentral,AASS,True,True,True,True
full,pericentral,SETBP1,True,True,True,True
full,pericentral,FAXDC2,True,True,True,True
full,pericentral,EIF5,True,True,True,True
full,pericentral,PCED1A,True,True,True,True
full,pericentral,BPHL,True,True,True,True
full,pericentral,MAT2A,True,True,True,True
full,pericentral,IL17RC,True,True,True,True
full,pericentral,AKAP17A,True,True,True,True
full,pericentral,PATJ,True,True,True,True
full,pericentral,HSF1,True,True,True,True
full,pericentral,SAR1B,True,True,True,True
full,pericentral,MAPK14,True,True,True,True
full,pericentral,NR1I2,True,True,True,True
full,pericentral,SH3PXD2A,True,True,True,True
full,pericentral,ARVCF,True,True,True,True
full,pericentral,AKT2,True,True,True,True
full,pericentral,HDAC6,True,True,True,True
full,pericentral,SLC28A1,True,True,True,True
full,pericentral,CYTH1,True,True,True,True
full,pericentral,PTGR1,True,True,True,True
full,pericentral,LARP1B,True,True,True,True
full,pericentral,WWP1,True,True,True,True
full,pericentral,RBFOX2,True,True,True,True
full,pericentral,SAFB,True,True,True,True
full,pericentral,DGLUCY,True,True,True,True
full,pericentral,DHRS1,True,True,True,True
full,pericentral,DMAP1,True,True,True,True
full,pericentral,COG3,True,True,True,True
full,pericentral,DVL3,True,True,True,True
full,pericentral,MSL1,True,True,True,True
full,pericentral,ACBD4,True,True,True,True
full,pericentral,ASL,True,True,True,True
full,pericentral,NPEPPS,True,True,True,True
full,pericentral,MON2,True,True,True,True
full,pericentral,TOB1,True,True,True,True
full,pericentral,BSDC1,True,True,True,True
full,pericentral,PPP1R10,True,True,True,True
full,pericentral,FOLH1,True,True,True,True
full,pericentral,HDHD3,True,True,True,True
full,pericentral,ANAPC5,True,True,True,True
full,pericentral,ZMYM3,True,True,True,True
full,pericentral,LMO7,True,True,True,True
full,pericentral,TOM1L1,True,True,True,True
full,pericentral,DGCR8,True,True,True,True
full,pericentral,DPYD,True,True,True,True
full,pericentral,ZNF444,True,True,True,True
full,pericentral,MINK1,True,True,True,True
full,pericentral,RBM15,True,True,True,True
full,pericentral,C19orf12,True,True,True,True
full,pericentral,ITCH,True,True,True,True
full,pericentral,NPLOC4,True,True,True,True
full,pericentral,DPP9,True,True,True,True
full,pericentral,SYNE2,True,True,True,True
full,pericentral,SLC47A1,True,True,True,True
full,pericentral,NMT1,True,True,True,True
full,pericentral,NCOR1,True,True,True,True
full,pericentral,SLC30A10,True,True,True,True
full,pericentral,CHRD,True,True,True,True
full,pericentral,WWC2,True,True,True,True
full,pericentral,CHID1,True,True,True,True
full,pericentral,DDX17,True,True,True,True
full,pericentral,RBM39,True,True,True,True
full,pericentral,SLC51A,True,True,True,True
full,pericentral,DCAF8,True,True,True,True
full,pericentral,ACACB,True,True,True,True
full,pericentral,SMG5,True,True,True,True
full,pericentral,FOXP4,True,True,True,True
full,pericentral,NR1D1,True,True,True,True
full,pericentral,SLC25A13,True,True,True,True
full,pericentral,SLC2A4RG,True,True,True,True
full,pericentral,RAB4A,True,True,True,True
full,pericentral,GTPBP6,True,True,True,True
full,pericentral,ARHGAP29,True,True,True,True
full,pericentral,CGGBP1,True,True,True,True
full,pericentral,ANGPTL4,True,True,True,True
full,pericentral,IGFBP1,True,True,True,True
full,pericentral,CAMSAP3,True,True,True,True
full,pericentral,GPBP1L1,True,True,True,True
full,pericentral,CYB5B,True,True,True,True
full,pericentral,IL6ST,True,True,True,True
full,pericentral,CAPN3,True,True,True,True
full,pericentral,RTKN,True,True,True,True
full,pericentral,BRWD1,True,True,True,True
full,pericentral,FLNB,True,True,True,True
full,pericentral,CCL16,True,True,True,True
full,pericentral,ARHGEF26,True,True,True,True
full,pericentral,SLC35C2,True,True,True,True
full,pericentral,HOGA1,True,True,True,True
full,pericentral,NSUN6,True,True,True,True
full,pericentral,TCEA3,True,True,True,True
full,pericentral,PKD2,True,True,True,True
full,pericentral,SAT2,True,True,True,True
full,pericentral,CDC34,True,True,True,True
full,pericentral,TCF25,True,True,True,True
full,pericentral,HPN,True,True,True,True
full,pericentral,TTC17,True,True,True,True
full,pericentral,PIK3R1,True,True,True,True
full,pericentral,ARMC6,True,True,True,True
full,pericentral,SIRT5,True,True,True,True
full,pericentral,PROX1,True,True,True,True
full,pericentral,PDXDC1,True,True,True,True
full,pericentral,SPON2,True,True,True,True
full,pericentral,OXA1L,True,True,True,True
full,pericentral,EHBP1,True,True,True,True
full,pericentral,AS3MT,True,True,True,True
full,pericentral,PSD4,True,True,True,True
full,pericentral,GATD1,True,True,True,True
full,pericentral,CLUH,True,True,True,True
full,pericentral,PNN,True,True,True,True
full,pericentral,TMUB2,True,True,True,True
full,pericentral,FNDC3B,True,True,True,True
full,pericentral,SEC14L2,True,True,True,True
full,pericentral,LRRC3,True,True,True,True
full,pericentral,PABPC1L,True,True,True,True
full,pericentral,TNFSF10,True,True,True,True
full,pericentral,INTS3,True,True,True,True
full,pericentral,MLIP,True,True,True,True
full,pericentral,PHKA2,True,True,True,True
full,pericentral,CYP4F2,True,True,True,True
full,pericentral,TRA2A,True,True,True,True
full,pericentral,NCOR2,True,True,True,True
full,pericentral,ASGR1,True,True,True,True
full,pericentral,SORBS2,True,True,True,True
full,pericentral,GCGR,True,True,True,True
full,pericentral,GAK,True,True,True,True
full,pericentral,SHFL,True,True,True,True
full,pericentral,DNAJC25,True,True,True,True
full,pericentral,TMEM63A,True,True,True,True
full,pericentral,XYLB,True,True,True,True
full,pericentral,SIK2,True,True,True,True
full,pericentral,PMM1,True,True,True,True
full,pericentral,SLC22A7,True,True,True,True
full,pericentral,NFIC,True,True,True,True
full,pericentral,HNRNPDL,True,True,True,True
full,pericentral,TRIM44,True,True,True,True
full,pericentral,NMD3,True,True,True,True
full,pericentral,MTFR1L,True,True,True,True
full,pericentral,TPCN1,True,True,True,True
full,pericentral,ACADM,True,True,True,True
full,pericentral,ZBTB16,True,True,True,True
full,pericentral,LUC7L3,True,True,True,True
full,pericentral,LPP,True,True,True,True
full,pericentral,RBM33,True,True,True,True
full,pericentral,NHSL1,True,True,True,True
full,pericentral,GPD1,True,True,True,True
full,pericentral,ERBB3,True,True,True,True
full,pericentral,EXOC3,True,True,True,True
full,pericentral,BHMT,True,True,True,True
full,pericentral,POGZ,True,True,True,True
full,pericentral,FBXO7,True,True,True,True
full,pericentral,REPS1,True,True,True,True
full,pericentral,IMMP2L,True,True,True,True
full,pericentral,LRP5,True,True,True,True
full,pericentral,GSDMD,True,True,True,True
full,pericentral,HECTD1,True,True,True,True
full,pericentral,ONECUT1,True,True,True,True
full,pericentral,LEAP2,True,True,True,True
full,pericentral,INSIG1,True,True,True,True
full,pericentral,ILVBL,True,True,True,True
full,pericentral,OGA,True,True,True,True
full,pericentral,MAP2K3,True,True,True,True
full,pericentral,SNX1,True,True,True,True
full,pericentral,PCCA,True,True,True,True
full,pericentral,PHPT1,True,True,True,True
full,pericentral,HGD,True,True,True,True
full,pericentral,MTSS1,True,True,True,True
full,pericentral,ZCCHC14,True,True,True,True
full,pericentral,PC,True,True,True,True
full,pericentral,ADK,True,True,True,True
full,pericentral,GLYCTK,True,True,True,True
full,pericentral,CLINT1,True,True,True,True
full,pericentral,CYP4A11,True,True,True,True
full,pericentral,SELENOO,True,True,True,True
full,pericentral,SATB1,True,True,True,True
full,pericentral,RSRP1,True,True,True,True
full,pericentral,ARAF,True,True,True,True
full,pericentral,CFHR4,True,True,True,True
full,pericentral,OBSL1,True,True,True,True
full,pericentral,CPED1,True,True,True,True
full,pericentral,SCCPDH,True,True,True,True
full,pericentral,TKFC,True,True,True,True
full,pericentral,ERN1,True,True,True,True
full,pericentral,KDM2A,True,True,True,True
full,pericentral,COL27A1,True,True,True,True
full,pericentral,ADGRG6,True,True,True,True
full,pericentral,ITIH4,True,True,True,True
full,pericentral,SLC66A2,True,True,True,True
full,pericentral,ZFAND3,True,True,True,True
full,pericentral,MTMR10,True,True,True,True
full,pericentral,A1CF,True,True,True,True
full,pericentral,EPHX2,True,True,True,True
full,pericentral,MOGS,True,True,True,True
full,pericentral,DCAF6,True,True,True,True
full,pericentral,MACO1,True,True,True,True
full,pericentral,CBS,True,True,True,True
full,pericentral,TBC1D8,True,True,True,True
full,pericentral,HNRNPA2B1,True,True,True,True
full,pericentral,SLC43A1,True,True,True,True
full,pericentral,UBR4,True,True,True,True
full,pericentral,SDR39U1,True,True,True,True
full,pericentral,PLEKHG3,True,True,True,True
full,pericentral,FAM20A,True,True,True,True
full,pericentral,ADH1C,True,True,True,True
full,pericentral,DNM2,True,True,True,True
full,pericentral,ACAA1,True,True,True,True
full,pericentral,DAPK1,True,True,True,True
full,pericentral,ARGLU1,True,True,True,True
full,pericentral,PVR,True,True,True,True
full,pericentral,PPFIBP2,True,True,True,True
full,pericentral,ETNK2,True,True,True,True
full,pericentral,GGNBP2,True,True,True,True
full,pericentral,PLEKHA6,True,True,True,True
full,pericentral,KIAA0319L,True,True,True,True
full,pericentral,CHTOP,True,True,True,True
full,pericentral,SLC2A2,True,True,True,True
full,pericentral,SORD,True,True,True,True
full,pericentral,RSAD1,True,True,True,True
full,pericentral,CEBPB,True,True,True,True
full,pericentral,CHD2,True,True,True,True
full,pericentral,APOC4,True,True,True,True
full,pericentral,RREB1,True,True,True,True
full,pericentral,MGAT4B,True,True,True,True
full,pericentral,TSPAN9,True,True,True,True
full,pericentral,C4BPB,True,True,True,True
full,pericentral,FBXW2,True,True,True,True
full,pericentral,JMJD1C,True,True,True,True
full,pericentral,FARP1,True,True,True,True
full,pericentral,DPP7,True,True,True,True
full,pericentral,AMT,True,True,True,True
full,pericentral,FZD5,True,True,True,True
full,pericentral,UGP2,True,True,True,True
full,pericentral,FUOM,True,True,True,True
full,pericentral,ELP2,True,True,True,True
full,pericentral,PROZ,True,True,True,True
full,pericentral,NUDCD3,True,True,True,True
full,pericentral,TDO2,True,True,True,True
full,pericentral,DIO1,True,True,True,True
full,pericentral,MBNL3,True,True,True,True
full,pericentral,HNMT,True,True,True,True
full,pericentral,SLC39A5,True,True,True,True
full,pericentral,DVL1,True,True,True,True
full,pericentral,FGFR4,True,True,True,True
full,pericentral,LRRFIP2,True,True,True,True
full,pericentral,ABCA1,True,True,True,True
full,pericentral,C8B,True,True,True,True
full,pericentral,LUC7L2,True,True,True,True
full,pericentral,MACROD1,True,True,True,True
full,pericentral,SND1,True,True,True,True
full,pericentral,RXRA,True,True,True,True
full,pericentral,RALGAPA2,True,True,True,True
full,pericentral,UQCC1,True,True,True,True
full,pericentral,ABCA10,True,True,True,True
full,pericentral,COL18A1,True,True,True,True
full,pericentral,LTBP3,True,True,True,True
full,pericentral,XRN1,True,True,True,True
full,pericentral,EVA1A,True,True,True,True
full,pericentral,SORL1,True,True,True,True
full,pericentral,MYO1B,True,True,True,True
full,pericentral,SLC27A5,True,True,True,True
full,pericentral,N4BP2L1,True,True,True,True
full,pericentral,FBXO21,True,True,True,True
full,pericentral,CLSTN3,True,True,True,True
full,pericentral,NUDT5,True,True,True,True
full,pericentral,KLHDC10,True,True,True,True
full,pericentral,ALDH1A1,True,True,True,True
full,pericentral,ETFDH,True,True,True,True
full,pericentral,PSKH1,True,True,True,True
full,pericentral,AGXT,True,True,True,True
full,pericentral,H6PD,True,True,True,True
full,pericentral,SNRNP200,True,True,True,True
full,pericentral,ADH1A,True,True,True,True
full,pericentral,CRYZ,True,True,True,True
full,pericentral,HSD17B4,True,True,True,True
full,pericentral,IER2,True,True,True,True
full,pericentral,F5,True,True,True,True
full,pericentral,HERPUD1,True,True,True,True
full,pericentral,TRIP6,True,True,True,True
full,pericentral,MPC1,True,True,True,True
full,pericentral,KLKB1,True,True,True,True
full,pericentral,SMARCA2,True,True,True,True
full,pericentral,TMEM120A,True,True,True,True
full,pericentral,SLC35D2,True,True,True,True
full,pericentral,CITED2,True,True,True,True
full,pericentral,DUS1L,True,True,True,True
full,pericentral,PRKAB2,True,True,True,True
full,pericentral,AFM,True,True,True,True
full,pericentral,HBS1L,True,True,True,True
full,pericentral,BDH2,True,True,True,True
full,pericentral,NRBP2,True,True,True,True
full,pericentral,FN3K,True,True,True,True
full,pericentral,MAN2A1,True,True,True,True
full,pericentral,SREBF2,True,True,True,True
full,pericentral,RGN,True,True,True,True
full,pericentral,IFRD2,True,True,True,True
full,pericentral,PRKAA1,True,True,True,True
full,pericentral,RBM23,True,True,True,True
full,pericentral,C11orf54,True,True,True,True
full,pericentral,SLC41A2,True,True,True,True
full,pericentral,NBR1,True,True,True,True
full,pericentral,EDEM1,True,True,True,True
full,pericentral,CTSH,True,True,True,True
full,pericentral,CTDSP1,True,True,True,True
full,pericentral,AFF1,True,True,True,True
full,pericentral,AIG1,True,True,True,True
full,pericentral,HAO2,True,True,True,True
full,pericentral,HNF4A,True,True,True,True
full,pericentral,USP9X,True,True,True,True
full,pericentral,MCL1,True,True,True,True
full,pericentral,PALM3,True,True,True,True
full,pericentral,FMO5,True,True,True,True
full,pericentral,ACSL1,True,True,True,True
full,pericentral,SORBS1,True,True,True,True
full,pericentral,SERINC5,True,True,True,True
full,pericentral,LDHD,True,True,True,True
full,pericentral,MMUT,True,True,True,True
full,pericentral,MTSS2,True,True,True,True
full,pericentral,RAP2C,True,True,True,True
full,pericentral,BOK,True,True,True,True
full,pericentral,PTPRK,True,True,True,True
full,pericentral,TTPAL,True,True,True,True
full,pericentral,STIMATE,True,True,True,True
full,pericentral,CGNL1,True,True,True,True
full,pericentral,GOLIM4,True,True,True,True
full,pericentral,PPP2R1B,True,True,True,True
full,pericentral,COL6A1,True,True,True,True
full,pericentral,C6,True,True,True,True
full,pericentral,GPT2,True,True,True,True
full,pericentral,SEC16A,True,True,True,True
full,pericentral,BAAT,True,True,True,True
full,pericentral,SHMT1,True,True,True,True
full,pericentral,ARRDC3,True,True,True,True
full,pericentral,MAOA,True,True,True,True
full,pericentral,TMEM41B,True,True,True,True
full,pericentral,LTBR,True,True,True,True
full,pericentral,LPIN2,True,True,True,True
full,pericentral,GHR,True,True,True,True
full,pericentral,TMEM205,True,True,True,True
full,pericentral,SLC39A14,True,True,True,True
full,pericentral,TMEM37,True,True,True,True
full,pericentral,COPG1,True,True,True,True
full,pericentral,HGFAC,True,True,True,True
full,pericentral,CCDC50,True,True,True,True
full,pericentral,TNFRSF1A,True,True,True,True
full,pericentral,OGDHL,True,True,True,True
full,pericentral,LRRC75B,True,True,True,True
full,pericentral,STAU1,True,True,True,True
full,pericentral,AGXT2,True,True,True,True
full,pericentral,AKR1A1,True,True,True,True
full,pericentral,NFIA,True,True,True,True
full,pericentral,PHGDH,True,True,True,True
full,pericentral,CYP4F11,True,True,True,True
full,pericentral,DCTD,True,True,True,True
full,pericentral,IVD,True,True,True,True
full,pericentral,NELFCD,True,True,True,True
full,pericentral,HJV,True,True,True,True
full,pericentral,TFPI,True,True,True,True
full,pericentral,TMEM220,True,True,True,True
full,pericentral,TXNDC11,True,True,True,True
full,pericentral,CSRP1,True,True,True,True
full,pericentral,PSMD3,True,True,True,True
full,pericentral,FST,True,True,True,True
full,pericentral,DCAF11,True,True,True,True
full,pericentral,CHDH,True,True,True,True
full,pericentral,SLC22A10,True,True,True,True
full,pericentral,ZDHHC14,True,True,True,True
full,pericentral,PLPP3,True,True,True,True
full,pericentral,SLC35D1,True,True,True,True
full,pericentral,PAPSS2,True,True,True,True
full,pericentral,SLC38A10,True,True,True,True
full,pericentral,HNRNPD,True,True,True,True
full,pericentral,KYNU,True,True,True,True
full,pericentral,ZCCHC24,True,True,True,True
full,pericentral,LRP1,True,True,True,True
full,pericentral,UCK1,True,True,True,True
full,pericentral,CFHR3,True,True,True,True
full,pericentral,SMLR1,True,True,True,True
full,pericentral,AP1M1,True,True,True,True
full,pericentral,ACOX1,True,True,True,True
full,pericentral,TMEM175,True,True,True,True
full,pericentral,SORBS3,True,True,True,True
full,pericentral,UAP1,True,True,True,True
full,pericentral,PKLR,True,True,True,True
full,pericentral,CTNND1,True,True,True,True
full,pericentral,STAT2,True,True,True,True
full,pericentral,HIPK2,True,True,True,True
full,pericentral,AUTS2,True,True,True,True
full,pericentral,NDST1,True,True,True,True
full,pericentral,IL1RAP,True,True,True,True
full,pericentral,ANO1,True,True,True,True
full,pericentral,HDLBP,True,True,True,True
full,pericentral,GSTZ1,True,True,True,True
full,pericentral,CNNM3,True,True,True,True
full,pericentral,SLC25A15,True,True,True,True
full,pericentral,TCIM,True,True,True,True
full,pericentral,SNTB1,True,True,True,True
full,pericentral,AR,True,True,True,True
full,pericentral,GRINA,True,True,True,True
full,pericentral,ABCC3,True,True,True,True
full,pericentral,CRYL1,True,True,True,True
full,pericentral,MIA2,True,True,True,True
full,pericentral,TAT,True,True,True,True
full,pericentral,BDH1,True,True,True,True
full,pericentral,IQSEC1,True,True,True,True
full,pericentral,PIK3C2G,True,True,True,True
full,pericentral,SIL1,True,True,True,True
full,pericentral,HSD17B8,True,True,True,True
full,pericentral,SLC25A18,True,True,True,True
full,pericentral,P4HA1,True,True,True,True
full,pericentral,DPYS,True,True,True,True
full,pericentral,EXT1,True,True,True,True
full,pericentral,ARL6IP4,True,True,True,True
full,pericentral,CYB5A,True,True,True,True
full,pericentral,SCAP,True,True,True,True
full,pericentral,PAWR,True,True,True,True
full,pericentral,SLC6A1,True,True,True,True
full,pericentral,CP,True,True,True,True
full,pericentral,GSTK1,True,True,True,True
full,pericentral,DOCK5,True,True,True,True
full,pericentral,ASPDH,True,True,True,True
full,pericentral,SLC25A47,True,True,True,True
full,pericentral,EGR1,True,True,True,True
full,pericentral,VKORC1,True,True,True,True
full,pericentral,POR,True,True,True,True
full,pericentral,ANGEL1,True,True,True,True
full,pericentral,KMO,True,True,True,True
full,pericentral,BHMT2,True,True,True,True
full,pericentral,ENTPD5,True,True,True,True
full,pericentral,AGPAT3,True,True,True,True
full,pericentral,LECT2,True,True,True,True
full,pericentral,SCP2,True,True,True,True
full,pericentral,F12,True,True,True,True
full,pericentral,MST1,True,True,True,True
full,pericentral,NUCKS1,True,True,True,True
full,pericentral,ACBD5,True,True,True,True
full,pericentral,CNDP2,True,True,True,True
full,pericentral,PLXNB2,True,True,True,True
full,pericentral,DHRS3,True,True,True,True
full,pericentral,ALDH5A1,True,True,True,True
full,pericentral,ADH6,True,True,True,True
full,pericentral,GUCD1,True,True,True,True
full,pericentral,F7,True,True,True,True
full,pericentral,ITIH3,True,True,True,True
full,pericentral,ACP2,True,True,True,True
full,pericentral,KCNK5,True,True,True,True
full,pericentral,SMOC1,True,True,True,True
full,pericentral,TBC1D9B,True,True,True,True
full,pericentral,C1RL,True,True,True,True
full,pericentral,ARG1,True,True,True,True
full,pericentral,ACADSB,True,True,True,True
full,pericentral,TOR1AIP2,True,True,True,True
full,pericentral,TMED4,True,True,True,True
full,pericentral,EIF4EBP2,True,True,True,True
full,pericentral,EGFR,True,True,True,True
full,pericentral,ACY1,True,True,True,True
full,pericentral,LRRC47,True,True,True,True
full,pericentral,MSRA,True,True,True,True
full,pericentral,CEBPD,True,True,True,True
full,pericentral,HAGH,True,True,True,True
full,pericentral,SCARB1,True,True,True,True
full,pericentral,NFKBIZ,True,True,True,True
full,pericentral,SLCO2B1,True,True,True,True
full,pericentral,SUN2,True,True,True,True
full,pericentral,GRHPR,True,True,True,True
full,pericentral,DMGDH,True,True,True,True
full,pericentral,FH,True,True,True,True
full,pericentral,SQSTM1,True,True,True,True
full,pericentral,ASPH,True,True,True,True
full,pericentral,DEPP1,True,True,True,True
full,pericentral,CFH,True,True,True,True
full,pericentral,KNG1,True,True,True,True
full,pericentral,PROC,True,True,True,True
full,pericentral,SPATS2L,True,True,True,True
full,pericentral,DGAT2,True,True,True,True
full,pericentral,TTC36,True,True,True,True
full,pericentral,ACOT12,True,True,True,True
full,pericentral,PLGLB2,True,True,True,True
full,pericentral,INSR,True,True,True,True
full,pericentral,CYP2B6,True,True,True,True
full,pericentral,APOL1,True,True,True,True
full,pericentral,SLC25A10,True,True,True,True
full,pericentral,PCK1,True,True,True,True
full,pericentral,SLC25A11,True,True,True,True
full,pericentral,KHK,True,True,True,True
full,pericentral,HYAL1,True,True,True,True
full,pericentral,WSB1,True,True,True,True
full,pericentral,ST3GAL1,True,True,True,True
full,pericentral,GLYATL1,True,True,True,True
full,pericentral,STARD10,True,True,True,True
full,pericentral,MYH14,True,True,True,True
full,pericentral,MAF,True,True,True,True
full,pericentral,ADH1B,True,True,True,True
full,pericentral,SLC5A9,True,True,True,True
full,pericentral,LMAN1,True,True,True,True
full,pericentral,HAAO,True,True,True,True
full,pericentral,OAZ1,True,True,True,True
full,pericentral,FOXP1,True,True,True,True
full,pericentral,WDR13,True,True,True,True
full,pericentral,EIF6,True,True,True,True
full,pericentral,REEP6,True,True,True,True
full,pericentral,DDX5,True,True,True,True
full,pericentral,DIAPH1,True,True,True,True
full,pericentral,MIA3,True,True,True,True
full,pericentral,BCL3,True,True,True,True
full,pericentral,PIPOX,True,True,True,True
full,pericentral,DCXR,True,True,True,True
full,pericentral,CYP3A5,True,True,True,True
full,pericentral,SLC25A1,True,True,True,True
full,pericentral,POLD4,True,True,True,True
full,pericentral,ECE1,True,True,True,True
full,pericentral,TIMM13,True,True,True,True
full,pericentral,SOD2,True,True,True,True
full,pericentral,AZGP1,True,True,True,True
full,pericentral,FBXO17,True,True,True,True
full,pericentral,DDRGK1,True,True,True,True
full,pericentral,SRPRA,True,True,True,True
full,pericentral,TNK2,True,True,True,True
full,pericentral,SLC38A3,True,True,True,True
full,pericentral,GOT2,True,True,True,True
full,pericentral,ECI1,True,True,True,True
full,pericentral,C2orf72,True,True,True,True
full,pericentral,MASP2,True,True,True,True
full,pericentral,TENM1,True,True,True,True
full,pericentral,C8A,True,True,True,True
full,pericentral,AKT1,True,True,True,True
full,pericentral,PON1,True,True,True,True
full,pericentral,TMPRSS6,True,True,True,True
full,pericentral,EHHADH,True,True,True,True
full,pericentral,CPS1,True,True,True,True
full,pericentral,SPP2,True,True,True,True
full,pericentral,TGOLN2,True,True,True,True
full,pericentral,B4GALT1,True,True,True,True
full,pericentral,EPAS1,True,True,True,True
full,periportal,CRP,True,True,True,True
full,periportal,FGFR2,True,True,True,True
full,periportal,HAMP,True,True,True,True
full,periportal,HAL,True,True,True,True
full,periportal,APOA1,True,True,True,True
full,periportal,ASS1,True,True,True,True
full,periportal,SERPINA1,True,True,True,True
full,periportal,FABP1,True,True,True,True
full,periportal,HP,True,True,True,True
full,periportal,IGFBP2,True,True,True,True
full,periportal,ALDOB,True,True,True,True
full,periportal,COX6A1,True,True,True,True
full,periportal,SERPINA11,True,True,True,True
full,periportal,SDS,True,True,True,True
full,periportal,TTR,True,True,True,True
full,periportal,RDH11,True,True,True,True
full,periportal,NNMT,True,True,True,True
full,periportal,COX8A,True,True,True,True
full,periportal,HRG,True,True,True,True
full,periportal,FGA,True,True,True,True
full,periportal,ORM1,True,True,True,True
full,periportal,FTL,True,True,True,True
full,periportal,COX4I1,True,True,True,True
full,periportal,APOC3,True,True,True,True
full,periportal,PRDX4,True,True,True,True
full,periportal,A2M,True,True,True,True
full,periportal,ALB,True,True,True,True
full,periportal,IFITM3,True,True,True,True
full,periportal,VTN,True,True,True,True
full,periportal,ROMO1,True,True,True,True
full,periportal,NDUFA2,True,True,True,True
full,periportal,HSPA8,True,True,True,True
full,periportal,SERPINA3,True,True,True,True
full,periportal,AMBP,True,True,True,True
full,periportal,PCOLCE,True,True,True,True
full,periportal,TF,True,True,True,True
full,periportal,LRG1,True,True,True,True
full,periportal,HPX,True,True,True,True
full,periportal,SYT7,True,True,True,True
full,periportal,LAMP1,True,True,True,True
full,periportal,ORM2,True,True,True,True
full,periportal,CLU,True,True,True,True
full,periportal,APOE,True,True,True,True
full,periportal,ATP5MC3,True,True,True,True
full,periportal,ANAPC11,True,True,True,True
full,periportal,SDC1,True,True,True,True
full,periportal,SAA4,True,True,True,True
full,periportal,FGB,True,True,True,True
full,periportal,PGLYRP2,True,True,True,True
full,periportal,ETFB,True,True,True,True
full,periportal,GLS2,True,True,True,True
full,periportal,AHSG,True,True,True,True
full,periportal,NDUFC2,True,True,True,True
full,periportal,PPIB,True,True,True,True
full,periportal,AMDHD1,True,True,True,True
full,periportal,FURIN,True,True,True,True
full,periportal,B2M,True,True,True,True
full,periportal,GCHFR,True,True,True,True
full,periportal,GC,True,True,True,True
full,periportal,AGT,True,True,True,True
full,periportal,SERPINC1,True,True,True,True
full,periportal,DBI,True,True,True,True
full,periportal,CLDN1,True,True,True,True
full,periportal,LBP,True,True,True,True
full,periportal,ITIH2,True,True,True,True
full,periportal,PRKACA,True,True,True,True
full,periportal,CFB,True,True,True,True
full,periportal,CLPTM1L,True,True,True,True
full,periportal,LEPR,True,True,True,True
full,periportal,C3,True,True,True,True
full,periportal,NUCB1,True,True,True,True
full,periportal,PRDX2,True,True,True,True
full,periportal,PFN1,True,True,True,True
full,periportal,APOC1,True,True,True,True
full,periportal,CD74,True,True,True,True
full,periportal,NDUFB7,True,True,True,True
full,periportal,APOF,True,True,True,True
full,periportal,APOA2,True,True,True,True
full,periportal,ATOX1,True,True,True,True
full,periportal,LSR,True,True,True,True
full,periportal,APMAP,True,True,True,True
full,periportal,SLC7A2,True,True,True,True
full,periportal,PRG4,True,True,True,True
full,periportal,G0S2,True,True,True,True
full,periportal,SCD,True,True,True,True
full,periportal,METTL7A,True,True,True,True
full,periportal,SERPIND1,True,True,True,True
full,periportal,SERPINA5,True,True,True,True
full,periportal,MSRB2,True,True,True,True
full,periportal,RIDA,True,True,True,True
full,periportal,CD63,True,True,True,True
full,periportal,SOD1,True,True,True,True
full,periportal,METTL7B,True,True,True,True
full,periportal,APP,True,True,True,True
full,periportal,PTMS,True,True,True,True
full,periportal,CAMK2N1,True,True,True,True
full,periportal,ANG,True,True,True,True
full,periportal,EEF2,True,True,True,True
full,periportal,SERPING1,True,True,True,True
full,periportal,FGL1,True,True,True,True
full,periportal,TMSB4X,True,True,True,True
full,periportal,STEAP3,True,True,True,True
full,periportal,BEX3,True,True,True,True
full,periportal,PSAP,True,True,True,True
full,periportal,RBP4,True,True,True,True
full,periportal,FGG,True,True,True,True
full,periportal,SEPHS2,True,True,True,True
full,periportal,PRDX6,True,True,True,True
full,periportal,EBP,True,True,True,True
full,periportal,HSPB1,True,True,True,True
full,periportal,CTSD,True,True,True,True
full,periportal,RRBP1,True,True,True,True
full,periportal,DHCR7,True,True,True,True
full,periportal,MYDGF,True,True,True,True
full,periportal,ECH1,True,True,True,True
full,periportal,CPN2,True,True,True,True
full,periportal,CST3,True,True,True,True
full,periportal,SPRYD4,True,True,True,True
full,periportal,AHCY,True,True,True,True
full,periportal,CTSB,True,True,True,True
full,periportal,ENO3,True,True,True,True
full,periportal,EMC10,True,True,True,True
full,periportal,ZG16,True,True,True,True
full,periportal,BAG1,True,True,True,True
full,periportal,SLC40A1,True,True,True,True
full,periportal,MAN1A1,True,True,True,True
full,periportal,ACAA2,True,True,True,True
full,periportal,TM4SF4,True,True,True,True
full,periportal,HSD17B2,True,True,True,True
full,periportal,KRT8,True,True,True,True
full,periportal,CA2,True,True,True,True
full,periportal,PCBD1,True,True,True,True
full,periportal,ST6GAL1,True,True,True,True
full,periportal,MGST1,True,True,True,True
full,periportal,LY6E,True,True,True,True
full,periportal,IGFBP4,True,True,True,True
full,periportal,APCS,True,True,True,True
full,periportal,ZNHIT1,True,True,True,True
full,periportal,SERPINF1,True,True,True,True
full,periportal,EI24,True,True,True,True
full,periportal,PLG,True,True,True,True
full,periportal,YIPF3,True,True,True,True
full,periportal,EPHX1,True,True,True,True
full,periportal,DRAP1,True,True,True,True
full,periportal,XBP1,True,True,True,True
full,periportal,PEBP1,True,True,True,True
full,periportal,TXNDC5,True,True,True,True
full,periportal,UQCRC1,True,True,True,True
full,periportal,TRIR,True,True,True,True
full,periportal,SERPINA6,True,True,True,True
full,periportal,LMAN2,True,True,True,True
full,periportal,SDF4,True,True,True,True
full,periportal,PGRMC1,True,True,True,True
full,periportal,GPX4,True,True,True,True
full,periportal,CYC1,True,True,True,True
full,periportal,CD151,True,True,True,True
full,periportal,TST,True,True,True,True
full,periportal,IDH2,True,True,True,True
full,periportal,GATM,True,True,True,True
full,periportal,SERPINA4,True,True,True,True
full,periportal,BST2,True,True,True,True
full,periportal,FN1,True,True,True,True
full,periportal,ATP5IF1,True,True,True,True
full,periportal,APOC2,True,True,True,True
full,periportal,HADHA,True,True,True,True
full,periportal,IGF1,True,True,True,True
full,periportal,ACTB,True,True,True,True
full,periportal,F9,True,True,True,True
full,periportal,TMEM176B,True,True,True,True
full,periportal,AADAC,True,True,True,True
full,periportal,PXMP2,True,True,True,True
full,periportal,C9,True,True,True,True
full,periportal,TMBIM6,True,True,True,True
full,periportal,FAH,True,True,True,True
full,periportal,HABP2,True,True,True,True
full,periportal,PCYOX1,True,True,True,True
full,periportal,TAPBP,True,True,True,True
full,periportal,HPR,True,True,True,True
full,periportal,IGFALS,True,True,True,True
full,periportal,F2,True,True,True,True
full,periportal,SLC16A2,True,True,True,True
full,periportal,ASGR2,True,True,True,True
full,periportal,SLC2A9,True,True,True,True
full,periportal,SIGMAR1,True,True,True,True
full,periportal,PMVK,True,True,True,True
full,periportal,FTH1,True,True,True,True
full,periportal,RDH16,True,True,True,True
full,periportal,SLC22A1,True,True,True,True
full,periportal,HDGF,True,True,True,True
full,periportal,EIF4H,True,True,True,True
full,periportal,SERPINA10,True,True,True,True
full,periportal,DDT,True,True,True,True
full,periportal,UBXN6,True,True,True,True
full,periportal,LRPAP1,True,True,True,True
full,periportal,FBP1,True,True,True,True
full,periportal,GLT1D1,True,True,True,True
full,periportal,TMEM176A,True,True,True,True
full,periportal,MT1X,True,True,True,True
full,periportal,C2,True,True,True,True
full,periportal,FIS1,True,True,True,True
full,periportal,C8G,True,True,True,True
full,periportal,TUFM,True,True,True,True
full,periportal,C4orf3,True,True,True,True
full,periportal,ABHD2,True,True,True,True
full,periportal,DECR1,True,True,True,True
full,periportal,CYP2C18,True,True,True,True
full,periportal,TM4SF5,True,True,True,True
full,periportal,SLC10A1,True,True,True,True
full,periportal,MAOB,True,True,True,True
full,periportal,F10,True,True,True,True
full,periportal,APOB,True,True,True,True
full,periportal,ALDH2,True,True,True,True
full,periportal,ECHS1,True,True,True,True
full,periportal,PRAP1,True,True,True,True
full,periportal,BLVRB,True,True,True,True
full,periportal,C4BPA,True,True,True,True
full,periportal,SLC37A4,True,True,True,True
full,periportal,FXYD1,True,True,True,True
full,periportal,POLDIP2,True,True,True,True
full,periportal,GJB1,True,True,True,True
full,periportal,DHCR24,True,True,True,True
full,periportal,MGLL,True,True,True,True
full,periportal,HSD17B13,True,True,True,True
full,periportal,ITIH1,True,True,True,True
full,periportal,C1S,True,True,True,True
full,periportal,CES2,True,True,True,True
full,periportal,CTSZ,True,True,True,True
full,periportal,BRI3,True,True,True,True
full,periportal,EBPL,True,True,True,True
full,periportal,MGAT1,True,True,True,True
full,periportal,SERPINF2,True,True,True,True
full,periportal,ASPG,True,True,True,True
full,periportal,CIDEB,True,True,True,True
full,periportal,MLEC,True,True,True,True
full,periportal,F11R,True,True,True,True
full,periportal,HSD17B10,True,True,True,True
full,periportal,ANXA4,True,True,True,True
full,periportal,ERGIC3,True,True,True,True
full,periportal,GUSB,True,True,True,True
full,periportal,SLC38A4,True,True,True,True
full,periportal,GSTA1,True,True,True,True
full,periportal,LMNA,True,True,True,True
full,periportal,PON3,True,True,True,True
full,periportal,GAMT,True,True,True,True
full,periportal,CERS2,True,True,True,True
full,periportal,APOH,True,True,True,True
full,periportal,ACMSD,True,True,True,True
full,periportal,CD14,True,True,True,True
full,periportal,TPP1,True,True,True,True
full,periportal,CXCL2,True,True,True,True
full,periportal,TFR2,True,True,True,True
full,periportal,MGST2,True,True,True,True
full,periportal,AGMAT,True,True,True,True
full,periportal,CMPK1,True,True,True,True
full,periportal,ANGPTL3,True,True,True,True
full,periportal,RNASE4,True,True,True,True
full,periportal,QDPR,True,True,True,True
full,periportal,GGCX,True,True,True,True
full,periportal,HAO1,True,True,True,True
full,periportal,SUMF2,True,True,True,True
full,periportal,PEMT,True,True,True,True
full,periportal,CPB2,True,True,True,True
full,periportal,TMEM219,True,True,True,True
full,periportal,NDUFV1,True,True,True,True
full,periportal,UROC1,True,True,True,True
full,periportal,HSD17B6,True,True,True,True
full,periportal,SELENOH,True,True,True,True
full,periportal,MPST,True,True,True,True
full,periportal,HMGCS2,True,True,True,True
full,periportal,SYAP1,True,True,True,True
full,periportal,LCAT,True,True,True,True
full,periportal,AHNAK,True,True,True,True
full,periportal,HSD17B11,True,True,True,True
full,periportal,CRK,True,True,True,True
full,periportal,LIPC,True,True,True,True
full,periportal,PCSK6,True,True,True,True
full,periportal,SEC62,True,True,True,True
full,periportal,NIPSNAP1,True,True,True,True
full,periportal,PNPO,True,True,True,True
full,periportal,ALDH6A1,True,True,True,True
full,periportal,NID1,True,True,True,True
full,periportal,SIGIRR,True,True,True,True
full,periportal,ANPEP,True,True,True,True
full,periportal,SLC43A3,True,True,True,True
full,periportal,SELENOP,True,True,True,True
full,periportal,ATF5,True,True,True,True
full,periportal,APOL6,True,True,True,True
full,periportal,SDC2,True,True,True,True
full,periportal,MT2A,True,True,True,True
full,periportal,DNAJC22,True,True,True,True
full,periportal,SDC4,True,True,True,True
full,periportal,MLF2,True,True,True,True
full,periportal,NUPR1,True,True,True,True
full,periportal,HNRNPF,True,True,True,True
full,periportal,CREB3L3,True,True,True,True
full,periportal,OS9,True,True,True,True
full,periportal,HMGCL,True,True,True,True
full,periportal,AGPAT2,True,True,True,True
full,periportal,NINL,True,True,True,True
full,periportal,RBM47,True,True,True,True
full,periportal,FCGRT,True,True,True,True
full,periportal,ALDH4A1,True,True,True,True
full,periportal,C1R,True,True,True,True
full,periportal,NDUFS2,True,True,True,True
full,periportal,COMT,True,True,True,True
full,periportal,PLEC,True,True,True,True
full,periportal,CAT,True,True,True,True
full,periportal,PPP1R1A,True,True,True,True
full,periportal,NR2F6,True,True,True,True
full,periportal,ADI1,True,True,True,True
full,periportal,GAA,True,True,True,True
full,periportal,OXER1,True,True,True,True
full,periportal,AGRN,True,True,True,True
full,periportal,GPLD1,True,True,True,True
full,periportal,TOLLIP,True,True,True,True
full,periportal,PLD3,True,True,True,True
full,periportal,KIAA1671,True,True,True,True
full,periportal,DENND11,True,True,True,True
full,periportal,USF2,True,True,True,True
full,periportal,PCK2,True,True,True,True
full,periportal,HPD,True,True,True,True
full,periportal,MGMT,True,True,True,True
full,periportal,PRXL2A,True,True,True,True
full,periportal,DUSP10,True,True,True,True
full,periportal,ALDH8A1,True,True,True,True
full,periportal,QPRT,True,True,True,True
full,periportal,ABAT,True,True,True,True
full,periportal,AKAP1,True,True,True,True
full,periportal,TMEM129,True,True,True,True
full,periportal,ACADS,True,True,True,True
full,periportal,BTD,True,True,True,True
full,periportal,ADGRA3,True,True,True,True
full,periportal,ZC3H13,True,True,True,True
full,periportal,CNBP,True,True,True,True
full,periportal,NFE2L1,True,True,True,True
full,periportal,APOM,True,True,True,True
full,periportal,XDH,True,True,True,True
full,periportal,CYP27A1,True,True,True,True
full,periportal,PON2,True,True,True,True
full,periportal,APLP2,True,True,True,True
full,periportal,ZGPAT,True,True,True,True
full,periportal,CYP8B1,True,True,True,True
full,periportal,CALD1,True,True,True,True
full,periportal,AMN,True,True,True,True
full,periportal,EPN1,True,True,True,True
full,periportal,CES1,True,True,True,True
full,periportal,AAMP,True,True,True,True
full,periportal,VNN1,True,True,True,True
full,periportal,PGM1,True,True,True,True
full,periportal,ALDH7A1,True,True,True,True
full,periportal,CYP2C9,True,True,True,True
full,periportal,OAF,True,True,True,True
full,periportal,CYB5R3,True,True,True,True
full,periportal,PGRMC2,True,True,True,True
full,periportal,CMBL,True,True,True,True
full,periportal,NEK6,True,True,True,True
full,periportal,C5,True,True,True,True
full,periportal,ZC3H7B,True,True,True,True
full,periportal,MBL2,True,True,True,True
full,periportal,FETUB,True,True,True,True
full,periportal,PUF60,True,True,True,True
full,periportal,PPFIBP1,True,True,True,True
full,periportal,LONP2,True,True,True,True
full,periportal,HEBP2,True,True,True,True
expanded,pericentral,SLCO1B3,True,True,True,True
expanded,pericentral,CYP3A4,True,True,True,True
expanded,pericentral,ALAS1,True,True,True,True
expanded,pericentral,AOX1,True,True,True,True
expanded,pericentral,CYP2E1,True,True,True,True
expanded,pericentral,GSTA2,True,True,True,True
expanded,pericentral,ADH1B,True,True,True,True
expanded,pericentral,APOA5,True,True,True,True
expanded,pericentral,ADH1A,True,True,True,True
expanded,pericentral,TSKU,True,True,True,True
expanded,pericentral,ADH4,True,True,True,True
expanded,pericentral,REEP6,True,True,True,True
expanded,pericentral,THRSP,True,True,True,True
expanded,pericentral,AKR1D1,True,True,True,True
expanded,pericentral,DCXR,True,True,True,True
expanded,pericentral,ALDH1L1,True,True,True,True
expanded,pericentral,AMACR,True,True,True,True
expanded,pericentral,UGT2B4,True,True,True,True
expanded,pericentral,NADK2,True,True,True,True
expanded,pericentral,FMO3,True,True,True,True
expanded,pericentral,AKR1,False,False,True,False
expanded,pericentral,RHBG,True,True,True,True
expanded,pericentral,ELN,True,True,True,True
expanded,pericentral,SERPINE1,True,True,True,True
expanded,pericentral,TBX3,True,True,True,True
expanded,pericentral,GLUL,True,True,True,True
expanded,pericentral,PGGHG,True,True,True,True
expanded,pericentral,PLIN1,True,True,True,True
expanded,pericentral,NAGS,True,True,True,True
expanded,pericentral,CYP1A2,True,True,True,True
expanded,pericentral,KIF12,True,True,True,True
expanded,pericentral,GPAM,True,True,True,True
expanded,pericentral,CYP3A43,True,True,True,True
expanded,pericentral,FBXO31,True,True,True,True
expanded,pericentral,SREBF1,True,True,True,True
expanded,pericentral,FASN,True,True,True,True
expanded,pericentral,DUSP1,True,True,True,True
expanded,pericentral,PPP1R3B,True,True,True,True
expanded,pericentral,ASPSCR1,True,True,True,True
expanded,pericentral,GADD45G,True,True,True,True
expanded,pericentral,ACSL5,True,True,True,True
expanded,pericentral,ADAMTSL4,True,True,True,True
expanded,pericentral,SLC6A12,True,True,True,True
expanded,pericentral,DMRTA1,True,True,True,True
expanded,pericentral,UGT1A1,True,True,True,True
expanded,pericentral,CTNNA3,True,True,True,True
expanded,pericentral,SEC31B,True,True,True,True
expanded,pericentral,CLMN,True,True,True,True
expanded,pericentral,SLC22A3,True,True,True,True
expanded,pericentral,ITPR2,True,True,True,True
expanded,pericentral,HSD17B14,True,True,True,True
expanded,pericentral,TPRG1,True,True,True,True
expanded,pericentral,CES4A,True,True,True,True
expanded,pericentral,D2HGDH,True,True,True,True
expanded,pericentral,ALS2CL,True,True,True,True
expanded,pericentral,RAD54L2,True,True,True,True
expanded,pericentral,ACSF2,True,True,True,True
expanded,pericentral,SLC25A25,True,True,True,True
expanded,pericentral,LAMA5,True,True,True,True
expanded,pericentral,ZFP36L2,True,True,True,True
expanded,pericentral,FAM118A,True,True,True,True
expanded,pericentral,SRRM2,True,True,True,True
expanded,pericentral,ZPR1,True,True,True,True
expanded,pericentral,RGL2,True,True,True,True
expanded,pericentral,MLXIPL,True,True,True,True
expanded,pericentral,ADRA1A,True,True,True,True
expanded,pericentral,TPPP2,True,True,True,True
expanded,pericentral,PRSS53,True,True,True,True
expanded,pericentral,GPHN,True,True,True,True
expanded,pericentral,CACNA1H,True,True,True,True
expanded,pericentral,ADRA1B,True,True,True,True
expanded,pericentral,AMPD2,True,True,True,True
expanded,pericentral,KAT2A,True,True,True,True
expanded,pericentral,KIFC2,True,True,True,True
expanded,pericentral,ENGASE,True,True,True,True
expanded,pericentral,SHROOM1,True,True,True,True
expanded,pericentral,CYP4F12,True,True,True,True
expanded,pericentral,TSC22D3,True,True,True,True
expanded,pericentral,KDM2B,True,True,True,True
expanded,pericentral,DOT1L,True,True,True,True
expanded,pericentral,PITPNM2,True,True,True,True
expanded,pericentral,MRNIP,True,True,True,True
expanded,pericentral,HLF,True,True,True,True
expanded,pericentral,ABCA8,True,True,True,True
expanded,pericentral,FOS,True,True,True,True
expanded,pericentral,BMP1,True,True,True,True
expanded,pericentral,TSPOAP1,True,True,True,True
expanded,pericentral,SULT2A1,True,True,True,True
expanded,pericentral,WDR33,True,True,True,True
expanded,pericentral,SS18L1,True,True,True,True
expanded,pericentral,MBD6,True,True,True,True
expanded,pericentral,TRPM7,True,True,True,True
expanded,pericentral,AKNA,True,True,True,True
expanded,pericentral,PFKFB1,True,True,True,True
expanded,periportal,HAMP,True,True,True,True
expanded,periportal,ASS1,True,True,True,True
expanded,periportal,ALDOB,True,True,True,True
expanded,periportal,SLC38A4,True,True,True,True
expanded,periportal,SERPINA1,True,True,True,True
expanded,periportal,APOA1,True,True,True,True
expanded,periportal,F9,True,True,True,True
expanded,periportal,TAT,True,True,True,True
expanded,periportal,HP,True,True,True,True
expanded,periportal,FABP1,True,True,True,True
expanded,periportal,C8G,True,True,True,True
expanded,periportal,APOF,True,True,True,True
expanded,periportal,CFHR3,True,True,True,True
expanded,periportal,LBP,True,True,True,True
expanded,periportal,FGA,True,True,True,True
expanded,periportal,SERPINA11,True,True,True,True
expanded,periportal,HPX,True,True,True,True
expanded,periportal,FGB,True,True,True,True
expanded,periportal,FGG,True,True,True,True
expanded,periportal,TF,True,True,True,True
expanded,periportal,CRP,True,True,True,True
expanded,periportal,FGFR2,True,True,True,True
expanded,periportal,HAL,True,True,True,True
expanded,periportal,IGFBP2,True,True,True,True
expanded,periportal,COX6A1,True,True,True,True
expanded,periportal,SDS,True,True,True,True
expanded,periportal,TTR,True,True,True,True
expanded,periportal,RDH11,True,True,True,True
expanded,periportal,NNMT,True,True,True,True
expanded,periportal,COX8A,True,True,True,True
expanded,periportal,HRG,True,True,True,True
expanded,periportal,ORM1,True,True,True,True
expanded,periportal,FTL,True,True,True,True
expanded,periportal,COX4I1,True,True,True,True
expanded,periportal,APOC3,True,True,True,True
expanded,periportal,PRDX4,True,True,True,True
expanded,periportal,A2M,True,True,True,True
expanded,periportal,ALB,True,True,True,True
expanded,periportal,IFITM3,True,True,True,True
expanded,periportal,VTN,True,True,True,True
expanded,periportal,ROMO1,True,True,True,True
expanded,periportal,NDUFA2,True,True,True,True
expanded,periportal,HSPA8,True,True,True,True
expanded,periportal,SERPINA3,True,True,True,True
expanded,periportal,AMBP,True,True,True,True
expanded,periportal,PCOLCE,True,True,True,True
expanded,periportal,LRG1,True,True,True,True
expanded,periportal,SYT7,True,True,True,True
expanded,periportal,LAMP1,True,True,True,True
expanded,periportal,ORM2,True,True,True,True
expanded,periportal,CLU,True,True,True,True
expanded,periportal,APOE,True,True,True,True
expanded,periportal,ATP5MC3,True,True,True,True
expanded,periportal,ANAPC11,True,True,True,True
expanded,periportal,SDC1,True,True,True,True
expanded,periportal,SAA4,True,True,True,True
expanded,periportal,PGLYRP2,True,True,True,True
expanded,periportal,ETFB,True,True,True,True
expanded,periportal,GLS2,True,True,True,True
expanded,periportal,AHSG,True,True,True,True
expanded,periportal,NDUFC2,True,True,True,True
expanded,periportal,PPIB,True,True,True,True
expanded,periportal,AMDHD1,True,True,True,True
expanded,periportal,FURIN,True,True,True,True
expanded,periportal,B2M,True,True,True,True
expanded,periportal,GCHFR,True,True,True,True
expanded,periportal,GC,True,True,True,True
expanded,periportal,AGT,True,True,True,True
expanded,periportal,SERPINC1,True,True,True,True
expanded,periportal,DBI,True,True,True,True
expanded,periportal,CLDN1,True,True,True,True
expanded,periportal,ITIH2,True,True,True,True
expanded,periportal,PRKACA,True,True,True,True
expanded,periportal,CFB,True,True,True,True
expanded,periportal,CLPTM1L,True,True,True,True
expanded,periportal,LEPR,True,True,True,True
expanded,periportal,C3,True,True,True,True
expanded,periportal,NUCB1,True,True,True,True
expanded,periportal,PRDX2,True,True,True,True
expanded,periportal,PFN1,True,True,True,True
expanded,periportal,APOC1,True,True,True,True
expanded,periportal,CD74,True,True,True,True
expanded,periportal,NDUFB7,True,True,True,True
expanded,periportal,APOA2,True,True,True,True
expanded,periportal,ATOX1,True,True,True,True
expanded,periportal,LSR,True,True,True,True
core,pericentral,SLCO1B3,True,True,True,True
core,pericentral,CYP3A4,True,True,True,True
core,pericentral,ALAS1,True,True,True,True
core,pericentral,AOX1,True,True,True,True
core,pericentral,CYP2E1,True,True,True,True
core,pericentral,GSTA2,True,True,True,True
core,pericentral,ADH1B,True,True,True,True
core,pericentral,APOA5,True,True,True,True
core,pericentral,ADH1A,True,True,True,True
core,pericentral,TSKU,True,True,True,True
core,pericentral,ADH4,True,True,True,True
core,pericentral,REEP6,True,True,True,True
core,pericentral,THRSP,True,True,True,True
core,pericentral,AKR1D1,True,True,True,True
core,pericentral,DCXR,True,True,True,True
core,pericentral,ALDH1L1,True,True,True,True
core,pericentral,AMACR,True,True,True,True
core,pericentral,UGT2B4,True,True,True,True
core,pericentral,NADK2,True,True,True,True
core,pericentral,FMO3,True,True,True,True
core,periportal,HAMP,True,True,True,True
core,periportal,ASS1,True,True,True,True
core,periportal,ALDOB,True,True,True,True
core,periportal,SLC38A4,True,True,True,True
core,periportal,SERPINA1,True,True,True,True
core,periportal,APOA1,True,True,True,True
core,periportal,F9,True,True,True,True
core,periportal,TAT,True,True,True,True
core,periportal,HP,True,True,True,True
core,periportal,FABP1,True,True,True,True
core,periportal,C8G,True,True,True,True
core,periportal,APOF,True,True,True,True
core,periportal,CFHR3,True,True,True,True
core,periportal,LBP,True,True,True,True
core,periportal,FGA,True,True,True,True
core,periportal,SERPINA11,True,True,True,True
core,periportal,HPX,True,True,True,True
core,periportal,FGB,True,True,True,True
core,periportal,FGG,True,True,True,True
core,periportal,TF,True,True,True,True
paper2_landmark,pericentral,SLCO1B3,True,True,True,True
paper2_landmark,pericentral,CYP3A4,True,True,True,True
paper2_landmark,pericentral,ALAS1,True,True,True,True
paper2_landmark,pericentral,AOX1,True,True,True,True
paper2_landmark,pericentral,CYP2E1,True,True,True,True
paper2_landmark,pericentral,GSTA2,True,True,True,True
paper2_landmark,pericentral,ADH1B,True,True,True,True
paper2_landmark,pericentral,APOA5,True,True,True,True
paper2_landmark,pericentral,ADH1A,True,True,True,True
paper2_landmark,pericentral,TSKU,True,True,True,True
paper2_landmark,pericentral,ADH4,True,True,True,True
paper2_landmark,pericentral,REEP6,True,True,True,True
paper2_landmark,pericentral,THRSP,True,True,True,True
paper2_landmark,pericentral,AKR1D1,True,True,True,True
paper2_landmark,pericentral,DCXR,True,True,True,True
paper2_landmark,pericentral,ALDH1L1,True,True,True,True
paper2_landmark,pericentral,AMACR,True,True,True,True
paper2_landmark,pericentral,UGT2B4,True,True,True,True
paper2_landmark,pericentral,NADK2,True,True,True,True
paper2_landmark,pericentral,FMO3,True,True,True,True
paper2_landmark,periportal,HAMP,True,True,True,True
paper2_landmark,periportal,ASS1,True,True,True,True
paper2_landmark,periportal,ALDOB,True,True,True,True
paper2_landmark,periportal,SLC38A4,True,True,True,True
paper2_landmark,periportal,SERPINA1,True,True,True,True
paper2_landmark,periportal,APOA1,True,True,True,True
paper2_landmark,periportal,F9,True,True,True,True
paper2_landmark,periportal,TAT,True,True,True,True
paper2_landmark,periportal,HP,True,True,True,True
paper2_landmark,periportal,FABP1,True,True,True,True
paper2_landmark,periportal,C8G,True,True,True,True
paper2_landmark,periportal,APOF,True,True,True,True
paper2_landmark,periportal,CFHR3,True,True,True,True
paper2_landmark,periportal,LBP,True,True,True,True
paper2_landmark,periportal,FGA,True,True,True,True
paper2_landmark,periportal,SERPINA11,True,True,True,True
paper2_landmark,periportal,HPX,True,True,True,True
paper2_landmark,periportal,FGB,True,True,True,True
paper2_landmark,periportal,FGG,True,True,True,True
paper2_landmark,periportal,TF,True,True,True,True
validation_anchors,pericentral,CYP2E1,True,True,True,True
validation_anchors,pericentral,CYP1A2,True,True,True,True
validation_anchors,pericentral,GLUL,True,True,True,True
validation_anchors,pericentral,PCK2,True,True,True,True
validation_anchors,periportal,ASS1,True,True,True,True
validation_anchors,periportal,ALDOB,True,True,True,True
validation_anchors,periportal,PCK1,True,True,True,True
validation_anchors,periportal,HAL,True,True,True,True
plasticity_markers,plasticity,KRT7,True,True,True,True
plasticity_markers,plasticity,KRT19,True,True,True,True
plasticity_markers,plasticity,SOX9,True,True,True,True
plasticity_markers,plasticity,SOX4,True,True,True,True
plasticity_markers,plasticity,KRT23,True,True,True,True
plasticity_markers,plasticity,NCAM1,True,True,True,True
