gene,loading
CYP4V2,-0.07785361
SDS,-0.07049359
ASPG,-0.06574638
GLS2,-0.06305887
HSD17B13,-0.05787723
HPX,-0.056529365
TF,-0.05500777
HAL,-0.05197466
FBP1,-0.051514663
CYP3A5,-0.04625485
HGD,-0.039586894
CFH,-0.03951304
CFB,-0.039147697
HP,-0.038683683
CYP2C18,-0.038230922
AGXT,-0.037570667
ADGRA3,-0.034532655
ALDOB,-0.03396557
TAT,-0.03359647
CP,-0.031205902
HMGCS2,-0.029438129
UROC1,-0.02846092
PCSK6,-0.028316678
HAO2,-0.027414694
C3,-0.027272634
C9,-0.027257115
IGFBP1,-0.026554255
ACMSD,-0.026197776
ACADVL,-0.024927795
C4BPB,-0.024871109
ASS1,-0.02455103
ALB,-0.024237577
SLC38A3,-0.024167689
APCS,-0.024036806
AFM,-0.023333268
CYP2C9,-0.023033343
CDHR2,-0.022564923
SLC37A4,-0.0223861
SLC22A7,-0.021204853
SLC22A25,-0.020866439
SLC7A2,-0.020820908
CXCL2,-0.020644488
SYT7,-0.02003665
C5,-0.019408861
KLF15,-0.019396544
FTCD,-0.01842788
AMDHD1,-0.018216603
RGN,-0.018160652
EFNA1,-0.017172221
CPS1,-0.016855163
APMAP,-0.016518401
F9,-0.01624894
ORM1,-0.015586256
GPT,-0.015144136
ARG1,-0.015014407
HAMP,-0.014676217
SARDH,-0.014230862
LEPR,-0.0137997195
KDM5D,-0.01366049
MST1,-0.013465855
SLC38A4,-0.013144945
CFHR4,-0.012671118
UTY,-0.012654743
CHDH,-0.012184419
INSIG1,-0.011994688
STAT2,-0.01177301
ABCC3,-0.011355002
CFHR3,-0.011288118
KMO,-0.011224598
GPLD1,-0.010862009
AZGP1,-0.010578644
UAP1,-0.010337049
AMN,-0.009898599
SLC43A3,-0.009756149
APOA1,-0.009548674
BCL3,-0.0092941355
UNC93A,-0.008880818
NNMT,-0.008537725
C2,-0.008372563
CUX2,-0.008349297
FNIP2,-0.007991912
MMUT,-0.007936456
SORL1,-0.007725875
GHR,-0.0076603433
CFHR2,-0.007651271
KCNK5,-0.0072111567
BAAT,-0.007176685
IL6R,-0.0071110795
ETNPPL,-0.006845631
DNAJC22,-0.0065628868
NFKBIA,-0.006366899
CPB2,-0.0062861023
SDSL,-0.0060147075
TCEA2,-0.005957204
ACACB,-0.00588495
F12,-0.0057769734
TENM1,-0.005760237
NAMPT,-0.005665612
TDO2,-0.005083273
SERPINA3,-0.0048712236
AGXT2,-0.0048656543
SLC2A2,-0.004792187
IL17RB,-0.0047866856
ENO3,-0.004378754
SLC17A1,-0.004342469
OXER1,-0.003986347
DDX3Y,-0.0034409848
LBP,-0.0034137873
SELENOP,-0.0033143242
CFI,-0.0031081177
SPIRE1,-0.003098334
PSD3,-0.0030482921
KCNT2,-0.0030359672
FH,-0.0030336229
CYFIP2,-0.0030193636
SERINC5,-0.0029281673
KNG1,-0.0028710356
SLC6A1,-0.0028467136
PCCA,-0.002819975
TMPRSS9,-0.0028183653
TCIM,-0.0028066712
AMOTL1,-0.0028032728
PLGLB2,-0.002764213
RASGEF1B,-0.0025098
HPGD,-0.0024117539
IDH1,-0.00224531
BBOX1,-0.0016965732
PCK1,-0.0016601661
SLC25A15,-0.0016525477
NR0B2,-0.0014965961
TRAM2,-0.0014859713
TNFSF14,-0.0014083782
PAH,-0.0013351672
CHRD,-0.001316375
EXTL2,-0.001230019
ABCA6,-0.0011664575
TTR,-0.0011530304
CELF1,-0.0011190677
RCL1,-0.0010527585
FURIN,-0.0010311736
GPT2,-0.0010127223
CLPTM1L,-0.0009113587
SCG5,-0.0007691258
HAAO,-0.0006175852
LONP2,-0.00043218935
SH3PXD2A,-0.0003717996
SYT17,-0.0002808945
LIPC,-0.0002333627
RAP2C,-0.00022412688
C1orf159,0.0
SDF4,-0.0
RER1,-0.0
PEX10,-0.0
TNFRSF14,-0.0
LRRC47,0.0
CEP104,0.0
DFFB,0.0
NPHP4,0.0
KCNAB2,0.0
RNF207,0.0
ACOT7,0.0
ESPN,-0.0
NOL9,0.0
ZBTB48,-0.0
NLGN4Y,0.0
USP9Y,-0.0
MECP2,0.0
GDI1,0.0
FAM50A,0.0
FAM3A,0.0
IKBKG,0.0
DKC1,0.0
F8,0.0
FUNDC2,0.0
MTCP1,0.0
BRCC3,-0.0
TMLHE,-0.0
VAMP7,0.0
ZFY,-0.0
TBL1Y,-0.0
NAA10,0.0
RBBP4,0.0
SYNC,0.0
KIAA1522,0.0
S100PBP,0.0
FNDC5,-0.0
RNF19B,0.0
ZNF362,0.0
PHC2,0.0
SMIM12,-0.0
ZMYM6,-0.0
ZMYM1,-0.0
SFPQ,-0.0
ZMYM4,-0.0
KIAA0319L,-0.0
PSMB2,-0.0
AGO4,-0.0
AGO1,0.0
AGO3,-0.0
TRAPPC3,0.0
THRAP3,-0.0
STK40,0.0
ZC3H12A,0.0
MEAF6,0.0
SNIP1,0.0
GNL2,-0.0
C1orf122,-0.0
MTF1,-0.0
INPP5B,0.0
SF3A3,0.0
AKIRIN1,-0.0
NDUFS5,-0.0
MACF1,-0.0
PABPC4,-0.0
PPIE,0.0
TRIT1,0.0
MFSD2A,-0.0
CAP1,0.0
RLF,-0.0
ZMPSTE24,-0.0
SMAP2,-0.0
ZNF684,0.0
NFYC,-0.0
CTPS1,-0.0
SLFNL1,0.0
SCMH1,-0.0
HIVEP3,0.0
FOXJ3,-0.0
PPCS,-0.0
CCDC30,0.0
PPIH,0.0
YBX1,0.0
P3H1,-0.0
ERMAP,0.0
CUL4B,-0.0
CFAP57,0.0
SZT2,-0.0
HYI,0.0
PTPRF,-0.0
KDM4A,0.0
ST3GAL3,-0.0
ATP6V0B,-0.0
B4GALT2,0.0
DMAP1,-0.0
ERI3,-0.0
RNF220,0.0
TMEM53,-0.0
ARMH1,-0.0
EIF2B3,0.0
HECTD3,0.0
UROD,-0.0
ZSWIM5,0.0
MUTYH,0.0
TESK2,0.0
MMACHC,0.0
PRDX1,0.0
AKR1A1,-0.0
NASP,0.0
GPBP1L1,-0.0
IPP,-0.0
MCTS1,-0.0
PIK3R3,0.0
POMGNT1,-0.0
LRRC41,0.0
UQCRH,0.0
NSUN4,-0.0
FAAH,0.0
MKNK1,0.0
ATPAF1,0.0
EFCAB14,0.0
CYP4A11,-0.0
GRIA3,-0.0
CYP4A22,-0.0
CMPK1,0.0
TRABD2B,0.0
SLC5A9,-0.0
SPATA6,0.0
AGBL4,-0.0
FAF1,0.0
RNF11,0.0
EPS15,0.0
OSBPL9,-0.0
NRDC,-0.0
TXNDC12,0.0
BTF3L4,0.0
ZFYVE9,0.0
CC2D1B,0.0
PRPF38A,-0.0
TUT4,-0.0
ZYG11B,0.0
ZYG11A,0.0
ECHDC2,-0.0
SCP2,0.0
CPT2,0.0
MAGOH,-0.0
NDC1,-0.0
YIPF1,-0.0
DIO1,0.0
LRRC42,0.0
TMEM59,0.0
TCEANC2,0.0
SSBP3,0.0
MROH7,0.0
TTC4,-0.0
DHCR24,0.0
PCSK9,-0.0
USP24,0.0
PLPP3,-0.0
PRKAA2,0.0
FYB2,-0.0
C8A,-0.0
C8B,-0.0
DAB1,-0.0
MYSM1,-0.0
JUN,0.0
FGGY,0.0
HOOK1,0.0
CYP2J2,-0.0
NFIA,0.0
TM2D1,-0.0
PATJ,0.0
KANK4,0.0
USP1,0.0
DOCK7,-0.0
ANGPTL3,-0.0
PIGK,-0.0
ATG4C,-0.0
ALG6,-0.0
ITGB3BP,0.0
PGM1,0.0
CACHD1,0.0
JAK1,0.0
AK4,-0.0
LEPROT,-0.0
PDE4B,0.0
MIER1,0.0
SLC35D1,-0.0
IL12RB2,-0.0
SERBP1,-0.0
GADD45A,0.0
GNG12,0.0
DDAH1,-0.0
THOC2,-0.0
LRRC7,0.0
LRRC40,0.0
SRSF11,0.0
ANKRD13C,0.0
CTH,-0.0
ZRANB2,0.0
FPGT,0.0
TNNI3K,0.0
CRYZ,-0.0
TYW3,0.0
SLC44A5,-0.0
ACADM,-0.0
RABGGTB,-0.0
ST6GALNAC3,0.0
ZNF326,-0.0
USP33,-0.0
MIGA1,0.0
FUBP1,0.0
GIPC2,-0.0
PTGFR,-0.0
ADGRL2,0.0
TTLL7,-0.0
PRKACB,-0.0
RPF1,-0.0
GNG5,-0.0
SPATA1,-0.0
CTBS,-0.0
SSX2IP,-0.0
SYDE2,-0.0
C1orf52,-0.0
ARHGAP29,-0.0
ZNHIT6,0.0
ODF2L,-0.0
SH3GLB1,-0.0
SELENOF,0.0
HS2ST1,-0.0
LMO4,0.0
PKN2,-0.0
GTF2B,-0.0
KYAT3,-0.0
RBMXL1,-0.0
GBP1,-0.0
GBP2,-0.0
GBP7,-0.0
LRRC8B,0.0
LRRC8D,-0.0
DBT,-0.0
ZNF644,-0.0
TGFBR3,-0.0
BTBD8,-0.0
GLMN,-0.0
RPAP2,-0.0
EVI5,-0.0
DIPK1A,0.0
MTF2,-0.0
TMED5,-0.0
CCDC18,-0.0
DR1,0.0
FNBP1L,0.0
BCAR3,-0.0
DNTTIP2,0.0
GCLM,-0.0
GNAI3,0.0
ABCD3,-0.0
SLC44A3,-0.0
CNN3,0.0
ALG14,-0.0
TLCD4,-0.0
RWDD3,-0.0
PTBP2,-0.0
DPYD,-0.0
SNX7,0.0
PALMD,0.0
FRRS1,0.0
AGL,-0.0
SLC35A3,-0.0
MFSD14A,0.0
TRMT13,0.0
CTTNBP2NL,0.0
ST7L,0.0
RTCA,-0.0
CDC14A,-0.0
SLC30A7,-0.0
DPH5,-0.0
RNPC3,-0.0
PRPF38B,-0.0
STXBP3,0.0
GPSM2,0.0
CLCC1,-0.0
WDR47,-0.0
TAF13,0.0
SORT1,0.0
PSMA5,-0.0
SYPL2,0.0
ATP1A1,-0.0
CD58,-0.0
XIAP,-0.0
AHCYL1,0.0
STRIP1,-0.0
RBM15,0.0
SLC16A4,0.0
LRIF1,0.0
DRAM2,0.0
CEPT1,-0.0
DENND2D,0.0
WDR77,-0.0
ATP5PB,-0.0
RAP1A,-0.0
INKA2,0.0
KCND3,-0.0
ZBTB8A,0.0
ZBTB8OS,-0.0
CAPZA1,0.0
MOV10,0.0
SLC16A1,0.0
LRIG2,0.0
MAGI3,-0.0
PHTF1,-0.0
RSBN1,-0.0
HIPK1,0.0
TRIM33,-0.0
BCAS2,0.0
DENND2C,-0.0
CSDE1,0.0
SIKE1,-0.0
SLC22A15,0.0
PDZK1,0.0
RNF115,0.0
SRSF4,-0.0
MECR,0.0
PTPRU,0.0
PUM1,0.0
SNRNP40,0.0
ZCCHC17,-0.0
SERINC2,0.0
KHDRBS1,0.0
TMEM39B,0.0
KPNA6,-0.0
TXLNA,0.0
EIF3I,-0.0
HDAC1,0.0
BSDC1,0.0
NBPF19,-0.0
OTUD7B,0.0
VPS45,-0.0
ANP32E,0.0
PTGFRN,0.0
TTF2,0.0
MAN1A2,-0.0
GDAP2,0.0
WDR3,-0.0
TBX15,-0.0
WARS2,0.0
ZNF697,0.0
STAG2,0.0
NOTCH2,-0.0
SEC22B,0.0
NBPF20,-0.0
ANXA9,-0.0
MINDY1,0.0
PRUNE1,0.0
CDC42SE1,0.0
POLR3C,0.0
RBM8A,0.0
LIX1L,0.0
POLR3GL,-0.0
TXNIP,0.0
HJV,-0.0
PRKAB2,-0.0
FMO5,-0.0
BCL9,0.0
ACP6,0.0
GPR89B,-0.0
NBPF11,-0.0
INTS3,0.0
SLC27A3,-0.0
GATAD2B,-0.0
DENND4B,0.0
C1orf54,-0.0
PRPF3,0.0
RPRD2,0.0
TARS2,0.0
TBC1D8B,-0.0
MCL1,-0.0
ENSA,0.0
GOLPH3L,0.0
CTSS,-0.0
ARNT,-0.0
SETDB1,0.0
CERS2,-0.0
ZBTB7B,0.0
THBS3,0.0
SCAMP3,0.0
CLK2,0.0
GABPB2,0.0
SEMA6C,0.0
PIP5K1A,0.0
PSMD4,0.0
PI4KB,0.0
SELENBP1,0.0
POGZ,0.0
CGN,0.0
SNX27,0.0
RORC,-0.0
THEM4,0.0
CHTOP,-0.0
SLC25A44,0.0
PMF1,0.0
SMG5,-0.0
CCT3,0.0
IDH3G,0.0
MEF2D,0.0
CRTC2,0.0
JTB,0.0
C1orf43,0.0
UBAP2L,0.0
HAX1,-0.0
TDRD10,0.0
ADAR,0.0
PMVK,0.0
SHC1,0.0
FLAD1,0.0
COPA,-0.0
NCSTN,-0.0
F11R,0.0
PFDN2,0.0
NIT1,-0.0
DEDD,0.0
PKLR,0.0
FDPS,0.0
ASH1L,-0.0
YY1AP1,0.0
DAP3,0.0
GON4L,0.0
KHDC4,0.0
SSR2,-0.0
UBQLN4,0.0
LMNA,0.0
NUF2,-0.0
PBX1,0.0
MGST3,0.0
ALDH9A1,-0.0
TMCO1,0.0
UCK2,0.0
FAM78B,0.0
HDGF,0.0
PRCC,-0.0
ARHGEF11,0.0
IFI16,0.0
CRP,0.0
IGSF9,-0.0
IGSF8,-0.0
DCAF8,-0.0
PEX19,0.0
TIPRL,0.0
SFT2D2,-0.0
ATP1B1,-0.0
NME7,-0.0
BLZF1,0.0
SLC19A2,-0.0
F5,-0.0
C1orf112,0.0
NDUFS2,0.0
APOA2,0.0
NR1I3,0.0
SDHC,0.0
ATF6,0.0
NOS1AP,-0.0
UHMK1,-0.0
DDR2,0.0
DNM3,0.0
PIGC,0.0
SUCO,0.0
PRDX6,0.0
KLHL20,-0.0
ZBTB37,0.0
SERPINC1,0.0
RC3H1,-0.0
POGK,0.0
TADA1,-0.0
POU2F1,0.0
CREG1,-0.0
MPZL1,0.0
ADCY10,0.0
MPC2,-0.0
DCAF6,0.0
FAM20B,0.0
TOR3A,0.0
ABL2,0.0
SOAT1,-0.0
TOR1AIP2,-0.0
TOR1AIP1,-0.0
CEP350,0.0
ACBD6,0.0
SELE,0.0
SCYL3,-0.0
KIFAP3,-0.0
GORAB,0.0
SMARCA1,-0.0
FMO4,-0.0
PRRC2C,-0.0
VAMP4,-0.0
RGL1,0.0
TSEN15,0.0
OCRL,-0.0
EDEM3,0.0
RNF2,0.0
TRMT1L,-0.0
SWT1,0.0
IVNS1ABP,0.0
RABGAP1L,-0.0
KIAA0040,0.0
COP1,0.0
PAPPA2,0.0
SEC16B,0.0
RASAL2,0.0
RALGPS2,0.0
ANGPTL1,0.0
ODR4,-0.0
UCHL5,-0.0
RO60,-0.0
CDC73,0.0
CFHR5,-0.0
F13B,-0.0
ZBTB41,0.0
DENND1B,0.0
XPR1,0.0
STX6,0.0
ZDHHC9,0.0
NPL,0.0
DHX9,0.0
LAMC1,0.0
SMG7,-0.0
ARPC5,0.0
DDX59,-0.0
CAMSAP2,0.0
LAD1,0.0
CSRP1,0.0
NAV1,0.0
IPO9,-0.0
TIMM17A,0.0
RNPEP,0.0
ELF3,0.0
ARL8A,0.0
PPP1R12B,0.0
KDM5B,-0.0
KLHL12,-0.0
HMCN1,-0.0
PRG4,-0.0
TPR,0.0
SOX13,0.0
ETNK2,-0.0
REN,0.0
GOLT1A,0.0
PLEKHA6,-0.0
PPP1R15B,0.0
PIK3C2B,0.0
MDM4,-0.0
RBBP5,0.0
DSTYK,0.0
CDK18,0.0
ELK4,0.0
SLC45A3,-0.0
NEK7,-0.0
NR5A2,0.0
ZNF281,-0.0
RHEX,-0.0
RASSF5,0.0
EIF2D,0.0
MAPKAPK2,0.0
C4BPA,-0.0
CD55,-0.0
CD46,-0.0
PLXNA2,0.0
G0S2,-0.0
HSD11B1,-0.0
IRF6,-0.0
UTP25,0.0
HHAT,0.0
CHI3L1,0.0
ATP2B4,0.0
SNRPE,-0.0
LPGAT1,0.0
INTS7,0.0
PPP2R5A,0.0
ATF3,0.0
NSL1,-0.0
TATDN3,0.0
FLVCR1,0.0
ANGEL2,-0.0
PROX1,-0.0
SMYD2,0.0
KCTD3,-0.0
USH2A,-0.0
ESRRG,0.0
GPATCH2,-0.0
NUCKS1,0.0
RAB29,0.0
SLC30A10,0.0
BPNT1,-0.0
IARS2,0.0
RAB3GAP2,-0.0
UTP14A,0.0
DUSP10,-0.0
MIA3,0.0
AIDA,-0.0
BROX,0.0
DISP1,0.0
BCORL1,0.0
TP53BP2,0.0
FBXO28,-0.0
NVL,-0.0
RCOR3,-0.0
SLC30A1,0.0
CNIH3,-0.0
DNAH14,-0.0
LBR,0.0
ENAH,0.0
SRP9,0.0
AIFM1,-0.0
TMEM63A,-0.0
ACBD3,-0.0
PARP1,0.0
COQ8A,0.0
CDC42BPA,0.0
ZNF678,0.0
SNAP47,-0.0
ARF1,0.0
RRP15,0.0
LYPLAL1,0.0
RHOU,-0.0
RAB4A,0.0
NUP133,0.0
ABCB10,-0.0
TAF5L,-0.0
GALNT2,-0.0
PGBD5,0.0
COG2,-0.0
AGT,-0.0
TTC13,-0.0
ARV1,-0.0
C1orf131,-0.0
GNPAT,0.0
SPRTN,-0.0
CNIH4,0.0
WDR26,0.0
SIPA1L2,0.0
NTPCR,0.0
PCNX2,0.0
MAP3K21,-0.0
KCNK1,0.0
TARBP1,0.0
IRF2BP2,-0.0
TOMM20,0.0
ARID4B,0.0
TBCE,0.0
B3GALNT2,-0.0
LYST,0.0
NID1,-0.0
GPR137B,0.0
C1orf35,0.0
GUK1,-0.0
ERO1B,-0.0
LGALS8,0.0
HEATR1,0.0
MTR,0.0
CHRM3,0.0
GREM2,-0.0
OPN3,-0.0
CHML,-0.0
CEP170,0.0
SDCCAG8,-0.0
AKT3,0.0
ZBTB18,0.0
CATSPERE,-0.0
DESI2,-0.0
EGLN1,0.0
TSNAX,-0.0
COX20,0.0
HNRNPU,-0.0
EFCAB2,-0.0
KIF26B,0.0
SMYD3,0.0
TFB2M,-0.0
CNST,-0.0
SCCPDH,-0.0
AHCTF1,0.0
ZNF670,0.0
ZNF124,0.0
ZNF496,0.0
SH3BP5L,0.0
ZNF692,0.0
FAM110C,-0.0
SH3YL1,0.0
ACP1,0.0
EIPR1,-0.0
TRAPPC12,0.0
ADI1,0.0
RNASEH1,0.0
ID2,-0.0
KIDINS220,0.0
ASAP2,0.0
ITGB1BP1,0.0
CPSF3,0.0
IAH1,-0.0
ADAM17,0.0
YWHAQ,-0.0
TAF1B,-0.0
GRHL1,0.0
ZNF280C,-0.0
RRM2,0.0
HPCAL1,0.0
ODC1,-0.0
NOL10,-0.0
PDIA6,-0.0
ROCK2,-0.0
E2F6,0.0
GREB1,0.0
LPIN1,0.0
NBAS,-0.0
DDX1,-0.0
VSNL1,-0.0
SMC6,-0.0
GEN1,-0.0
WDR35,-0.0
LAPTM4A,0.0
SDC1,-0.0
PUM2,-0.0
RHOB,-0.0
HS1BP3,0.0
GDF7,-0.0
LDAH,-0.0
APOB,-0.0
TDRD15,0.0
KLHL29,0.0
ATAD2B,0.0
UBXN2A,0.0
FAM228B,0.0
ITSN2,0.0
NCOA1,-0.0
DNAJC27,0.0
DNMT3A,0.0
DTNB,0.0
ASXL2,0.0
RAB10,0.0
HADHA,-0.0
HADHB,-0.0
SELENOI,0.0
MAPRE3,0.0
TMEM214,0.0
AGBL5,0.0
KHK,-0.0
PREB,0.0
SLC5A6,0.0
CAD,-0.0
MPV17,0.0
GTF3C2,0.0
EIF2B4,0.0
SNX17,0.0
ZNF513,0.0
PPM1G,0.0
NRBP1,0.0
IFT172,-0.0
FNDC4,0.0
GCKR,0.0
C2orf16,0.0
ZNF512,-0.0
SUPT7L,0.0
SLC4A1AP,0.0
RBKS,-0.0
BABAM2,-0.0
FOSL2,0.0
PPP1CB,0.0
SPDYA,0.0
TRMT61B,0.0
WDR43,0.0
CLIP4,0.0
ALK,0.0
YPEL5,-0.0
LCLAT1,0.0
XDH,-0.0
SRD5A2,-0.0
DPY30,0.0
SPAST,-0.0
SLC30A6,0.0
YIPF4,-0.0
BIRC6,-0.0
TTC27,0.0
LTBP1,0.0
RASGRP3,0.0
FAM98A,-0.0
ENOX2,0.0
FEZ2,0.0
STRN,-0.0
HEATR5B,0.0
GPATCH11,0.0
EIF2AK2,0.0
CEBPZOS,0.0
CEBPZ,0.0
NDUFAF7,-0.0
PRKD3,0.0
CDC42EP3,0.0
RMDN2,-0.0
CYP1B1,0.0
ATL2,-0.0
HNRNPLL,0.0
MSH2,0.0
MSH6,-0.0
GALM,0.0
SRSF7,0.0
DHX57,-0.0
SOS1,0.0
MAP4K3,0.0
THUMPD2,-0.0
EML4,0.0
COX7A2L,-0.0
MTA3,0.0
ZFP36L2,0.0
THADA,0.0
DYNC2LI1,-0.0
ABCG5,-0.0
ABCG8,-0.0
PPP4R3B,-0.0
PNPT1,0.0
LRPPRC,-0.0
PPM1B,0.0
IGSF1,0.0
PREPL,-0.0
CAMKMT,0.0
SRBD1,-0.0
PRKCE,-0.0
EPAS1,0.0
RHOQ,-0.0
PIGF,-0.0
CRIPT,0.0
MCFD2,-0.0
TTC7A,0.0
CALM2,0.0
MDH1,0.0
UGP2,-0.0
FBXO11,-0.0
FOXN2,0.0
PPP1R21,0.0
ASB3,-0.0
ERLEC1,-0.0
PSME4,-0.0
ACYP2,0.0
SPTBN1,0.0
EML6,0.0
RTN4,-0.0
CLHC1,0.0
MTIF2,-0.0
CCDC88A,-0.0
CFAP36,-0.0
AAK1,0.0
ANXA4,0.0
VRK2,0.0
FANCL,0.0
PAPOLG,-0.0
REL,-0.0
PUS10,-0.0
PEX13,-0.0
C2orf74,-0.0
USP34,0.0
XPO1,-0.0
CCT4,0.0
COMMD1,0.0
B3GNT2,-0.0
EHBP1,0.0
WDPCP,0.0
ZNF638,-0.0
DYSF,0.0
VPS54,-0.0
PELI1,-0.0
AFTPH,-0.0
SERTAD2,0.0
CEP68,0.0
RAB1A,-0.0
ACTR2,0.0
SPRED2,0.0
MEIS1,0.0
ETAA1,-0.0
C1D,0.0
PPP3R1,0.0
GFPT1,-0.0
NFU1,0.0
CCDC142,-0.0
TTC31,0.0
GMCL1,-0.0
SNRNP27,0.0
MXD1,0.0
PCBP1,0.0
C2orf42,-0.0
TIA1,-0.0
PCYOX1,0.0
SNRPG,-0.0
FAM136A,-0.0
TGFA,-0.0
NAGK,0.0
MCEE,-0.0
MPHOSPH10,-0.0
PAIP2B,0.0
VAMP8,0.0
TMEM150A,-0.0
EXOC6B,0.0
SFXN5,0.0
ALMS1,0.0
DUSP11,0.0
STAMBP,0.0
DGUOK,0.0
TET3,0.0
MOB1A,0.0
SLC4A5,-0.0
DCTN1,0.0
RTKN,-0.0
INO80B,0.0
WBP1,0.0
MOGS,-0.0
YTHDF2,-0.0
EPB41,-0.0
AUP1,0.0
TACR1,-0.0
EVA1A,0.0
GCFC2,0.0
LRRTM4,0.0
SUCLG1,-0.0
DNAH6,-0.0
KCMF1,-0.0
TCF7L1,0.0
MBNL3,0.0
RETSAT,0.0
ELMOD3,-0.0
MAT2A,-0.0
GGCX,-0.0
THNSL2,-0.0
EIF2AK3,-0.0
AHDC1,-0.0
FAM76A,0.0
STX12,0.0
PPP1R8,0.0
RPA2,-0.0
EYA3,0.0
DNAJC8,0.0
PHF6,-0.0
SESN2,-0.0
PHACTR4,0.0
RCC1,-0.0
TRNAU1AP,0.0
TAF12,0.0
GMEB1,0.0
ACTR1B,0.0
C2orf92,0.0
TMEM131,-0.0
USP39,-0.0
C2orf68,-0.0
ATOH8,-0.0
ST3GAL5,-0.0
POLR1A,0.0
PTCD3,-0.0
IMMT,0.0
KDM3A,-0.0
CHMP3,0.0
RNF103,-0.0
RMND5A,-0.0
KRCC1,-0.0
FABP1,-0.0
CNOT11,0.0
RNF149,0.0
MAP4K4,-0.0
RPIA,0.0
ZNF514,-0.0
FAHD2A,-0.0
STARD7,0.0
TMEM127,0.0
CIAO1,-0.0
SNRNP200,0.0
KANSL3,-0.0
LMAN2L,-0.0
CNNM4,0.0
CNNM3,0.0
ANKRD36,0.0
COX5B,-0.0
SEPTIN10,-0.0
BCL2L11,0.0
ANAPC1,0.0
INPP4A,0.0
COA5,0.0
UNC50,0.0
MGAT4A,0.0
TSGA10,0.0
MITD1,0.0
TXNDC9,-0.0
EIF5B,0.0
REV1,0.0
AFF3,-0.0
LONRF2,-0.0
NPAS2,-0.0
TBC1D8,0.0
CCDC93,0.0
INSIG2,0.0
STEAP3,-0.0
IL1R1,0.0
IL1RL2,0.0
IL18R1,-0.0
MFSD9,-0.0
TMEM182,0.0
TGFBRAP1,0.0
C2orf49,0.0
FHL2,0.0
UXS1,0.0
RGPD3,0.0
SULT1C2,0.0
GCC2,-0.0
CCDC138,0.0
IWS1,-0.0
LIMS2,0.0
WDR33,0.0
MERTK,0.0
TMEM87B,0.0
FBLN7,0.0
ZC3H8,0.0
ZC3H6,0.0
TTL,0.0
POLR1B,0.0
SLC20A1,0.0
PSD4,0.0
SLC35F5,-0.0
ACTR3,-0.0
DPP10,0.0
DDX18,-0.0
CCNT2,-0.0
RAB3GAP1,0.0
ZRANB3,0.0
DBI,0.0
TMEM37,0.0
SCTR,0.0
CFAP221,0.0
TMEM177,-0.0
PTPN4,-0.0
EPB41L5,-0.0
CLASP1,0.0
TSN,0.0
BIN1,0.0
ERCC3,0.0
MAP3K2,-0.0
PROC,0.0
MMADHC,-0.0
RND3,0.0
NMI,-0.0
RIF1,0.0
POLR2D,0.0
AMMECR1L,-0.0
SAP130,-0.0
UGGT1,-0.0
HS6ST1,0.0
SMPD4,0.0
PTPN18,0.0
FAM168B,-0.0
PLEKHB2,0.0
GPR39,-0.0
NCKAP5,-0.0
MGAT5,-0.0
PKP4,-0.0
TANC1,0.0
WDSUB1,0.0
BAZ2B,-0.0
R3HDM1,-0.0
UBXN4,-0.0
HNMT,-0.0
SPOPL,-0.0
LRP1B,-0.0
KYNU,-0.0
ARHGAP15,0.0
GTDC1,-0.0
ACVR2A,-0.0
ORC4,-0.0
MBD5,0.0
EPC2,0.0
SCN9A,0.0
CERS6,0.0
ABCB11,-0.0
BBS5,-0.0
NEB,-0.0
ARL5A,-0.0
STAM2,-0.0
FMNL2,0.0
PRPF40A,-0.0
ARL6IP6,0.0
KCNJ3,-0.0
GPD2,0.0
ACVR1C,0.0
ACVR1,0.0
UPP2,-0.0
CCDC148,0.0
METAP1D,0.0
ITGA6,0.0
PDK1,0.0
RAPGEF4,-0.0
CD302,-0.0
RBMS1,0.0
TANK,-0.0
PSMD14,-0.0
DPP4,0.0
IFIH1,0.0
FIGN,0.0
GRB14,-0.0
COBLL1,-0.0
SLC38A11,0.0
CSRNP3,-0.0
TTC21B,-0.0
NFE2L2,-0.0
AGPS,0.0
PDE11A,0.0
RBM45,-0.0
FASTKD1,-0.0
PPIG,0.0
KLHL23,-0.0
METTL5,-0.0
UBR3,-0.0
GORASP2,-0.0
TLK1,-0.0
METTL8,0.0
DCAF17,0.0
DYNC1I2,-0.0
SLC25A12,0.0
HAT1,-0.0
NCKAP1,0.0
NUP35,-0.0
FSIP2,0.0
ZC3H15,0.0
MAP3K20,0.0
SP3,-0.0
OLA1,0.0
CIR1,0.0
SCRN3,-0.0
GPR155,-0.0
CHN1,-0.0
ATF2,-0.0
ATP5MC3,-0.0
LNPK,0.0
MTX2,-0.0
HNRNPA3,0.0
NAB1,0.0
GLS,0.0
STAT1,-0.0
STAT4,-0.0
OSBPL6,-0.0
PRKRA,-0.0
PJVK,-0.0
PLEKHA3,-0.0
TTN,0.0
SESTD1,0.0
ZNF385B,-0.0
CWC22,-0.0
UBE2E3,0.0
ITPRID2,0.0
PPP1R1C,0.0
DNAJC10,-0.0
HSPE1,0.0
MOB4,0.0
SATB2,-0.0
FTCDNL1,-0.0
ITGAV,0.0
TFPI,-0.0
COL5A2,-0.0
WDR75,-0.0
SLC40A1,-0.0
ANKAR,-0.0
OSGEPL1,-0.0
ORMDL1,-0.0
PMS1,0.0
C2orf88,0.0
HIBCH,0.0
INPP1,0.0
CASP8,0.0
TRAK2,0.0
STRADB,-0.0
ALS2,-0.0
MYO1B,0.0
NABP1,0.0
TMEFF2,0.0
SLC39A10,0.0
HECW2,0.0
CCDC150,-0.0
GTF3C3,0.0
PGAP1,-0.0
ANKRD44,0.0
SF3B1,0.0
COQ10B,-0.0
HSPD1,0.0
EEF1B2,0.0
ZDBF2,-0.0
FASTKD2,-0.0
KLF7,0.0
TYW5,-0.0
MAIP1,-0.0
SPATS2L,0.0
KCTD18,-0.0
HPRT1,0.0
BZW1,0.0
CLK1,-0.0
PPIL3,-0.0
NIF3L1,-0.0
ORC2,0.0
CFLAR,0.0
CASP10,-0.0
IKZF2,-0.0
SPAG16,0.0
ATIC,-0.0
FN1,-0.0
NOP58,-0.0
BMPR2,0.0
FAM117B,0.0
WDR12,0.0
CARF,-0.0
NBEAL1,-0.0
CYP20A1,0.0
ABI2,0.0
RAPH1,-0.0
PARD3B,0.0
INO80D,-0.0
NDUFS1,-0.0
TMBIM1,0.0
CTDSP1,0.0
VIL1,0.0
USP37,0.0
CNOT9,-0.0
ZNF142,0.0
CREB1,-0.0
METTL21A,0.0
CCNYL1,-0.0
FZD5,-0.0
PLEKHM3,0.0
PIKFYVE,-0.0
RPE,-0.0
KANSL1L,-0.0
ACADL,0.0
LANCL1,0.0
GMPPA,-0.0
OBSL1,0.0
FARSB,-0.0
MOGAT1,-0.0
ACSL3,-0.0
AP1S3,0.0
MREG,-0.0
PECR,0.0
TMEM169,0.0
XRCC5,-0.0
SMARCAL1,-0.0
IGFBP2,0.0
TNS1,0.0
ARPC2,-0.0
AAMP,0.0
PNKD,-0.0
PID1,0.0
TRIP12,0.0
FBXO36,-0.0
SP110,0.0
SP140L,-0.0
SP100,0.0
BCS1L,0.0
STK36,-0.0
TTLL4,0.0
CYP27A1,-0.0
NHEJ1,0.0
ZFAND2B,0.0
ATG9A,-0.0
ANKZF1,0.0
DNAJB2,0.0
DNPEP,-0.0
EFHD1,0.0
GIGYF2,0.0
SNORC,-0.0
NGEF,0.0
ATG16L1,-0.0
DGKD,0.0
WDFY1,0.0
CUL3,-0.0
DOCK10,-0.0
IRS1,0.0
RHBDD1,-0.0
COL4A4,0.0
COL4A3,0.0
MFF,0.0
AGFG1,-0.0
SLC19A3,-0.0
RAB17,-0.0
LRRFIP1,0.0
UBE2F,-0.0
SCLY,-0.0
ILKAP,0.0
PER2,0.0
CAB39,0.0
C2orf72,-0.0
PSMD1,-0.0
HTR2B,0.0
ARMC9,0.0
NCL,0.0
PDE6D,0.0
COPS7B,0.0
DIS3L2,0.0
EIF4E2,0.0
SEPTIN2,-0.0
FARP2,-0.0
STK25,0.0
BOK,0.0
THAP4,0.0
ATG4B,0.0
USP40,0.0
UGT1A1,0.0
MROH2A,0.0
TRPM8,-0.0
SPP2,-0.0
SH3BP4,0.0
AGAP1,0.0
ACKR3,0.0
COPS8,-0.0
MLPH,-0.0
ARL8B,0.0
EDEM1,-0.0
RAD18,0.0
SRGAP3,0.0
THUMPD3,-0.0
SETD5,-0.0
MTMR14,0.0
TRAF3IP1,0.0
ASB1,0.0
HDAC4,0.0
NDUFA10,0.0
ANKMY1,-0.0
SNED1,0.0
MTERF4,-0.0
PPP1R7,0.0
HDLBP,-0.0
BRK1,0.0
VHL,0.0
IRAK2,0.0
TATDN2,0.0
SEC13,0.0
ATP2B2,-0.0
SLC6A11,0.0
ING5,0.0
D2HGDH,0.0
NEU4,0.0
TRNT1,-0.0
CRBN,-0.0
SUMF1,0.0
SETMAR,0.0
ITPR1,0.0
BHLHE40,0.0
IQSEC1,0.0
NUP210,0.0
TMEM43,0.0
XPC,0.0
CCDC174,0.0
NR2C2,0.0
RBSN,-0.0
CAPN7,-0.0
OGG1,0.0
CAMK1,0.0
TADA3,0.0
ARPC4,0.0
ZNF75D,-0.0
IL17RC,-0.0
CRELD1,0.0
EMC3,-0.0
RFTN1,-0.0
PLCL2,-0.0
TBC1D5,0.0
SATB1,-0.0
RAB5A,-0.0
KAT2B,0.0
ZNF385D,0.0
UBE2E2,0.0
ATG7,0.0
VGLL4,0.0
TAMM41,0.0
PPARG,0.0
TSEN2,0.0
MKRN2OS,0.0
MKRN2,-0.0
RAF1,-0.0
SLC9A6,-0.0
SLC4A7,0.0
CMC1,-0.0
AZI2,-0.0
ZCWPW2,-0.0
RBMS3,0.0
TGFBR2,0.0
STT3B,-0.0
IL13RA1,-0.0
METTL6,-0.0
EAF1,0.0
COLQ,-0.0
HACL1,-0.0
BTD,-0.0
ANKRD28,-0.0
OXNAD1,-0.0
CLASP2,0.0
PDCD6IP,0.0
ARPP21,-0.0
TRANK1,0.0
EPM2AIP1,0.0
MLH1,-0.0
LRRFIP2,-0.0
DNAJC11,0.0
UBE2E1,0.0
NKIRAS1,-0.0
NR1D2,-0.0
THRB,-0.0
RARB,0.0
TOP2B,-0.0
NGLY1,-0.0
OXSM,-0.0
WDR48,-0.0
GORASP1,0.0
SLC25A38,-0.0
CAMTA1,0.0
EIF1B,-0.0
ZNF621,-0.0
CTNNB1,0.0
ULK4,-0.0
CMTM8,-0.0
CMTM7,0.0
CMTM6,-0.0
DYNC1LI1,-0.0
CNOT10,0.0
GLB1,0.0
FBXL2,0.0
UBP1,0.0
TCAIM,-0.0
ZNF445,-0.0
ZNF852,0.0
ZNF197,-0.0
ZDHHC3,0.0
EXOSC7,0.0
LARS2,-0.0
LIMD1,0.0
CTDSPL,0.0
DLEC1,0.0
ACAA1,-0.0
OXSR1,0.0
XYLB,0.0
ACVR2B,0.0
EXOG,-0.0
SCN11A,0.0
PTPN23,0.0
SCAP,0.0
ELP6,-0.0
SMARCC1,0.0
DHX30,-0.0
MAP4,0.0
PLXNB1,-0.0
TMA7,0.0
TRAK1,0.0
SEC22C,-0.0
NKTR,-0.0
CYP8B1,-0.0
GASK1A,-0.0
SNRK,0.0
ANO10,-0.0
ABHD5,0.0
DALRD3,-0.0
QRICH1,0.0
LAMB2,0.0
USP4,-0.0
RHOA,0.0
AMT,0.0
DAG1,0.0
IP6K1,0.0
SACM1L,-0.0
LZTFL1,-0.0
FYCO1,0.0
RTP3,0.0
LRRC2,0.0
ALS2CL,0.0
CCDC12,0.0
KLHL18,0.0
RASSF1,0.0
CYB561D2,0.0
HEMK1,0.0
MANF,-0.0
DCAF1,-0.0
RAD54L2,0.0
TEX264,-0.0
PARP3,0.0
ABHD14B,-0.0
UQCRC1,0.0
NCKIPSD,0.0
IP6K2,-0.0
PRKAR2A,-0.0
SLC25A20,-0.0
ARIH2,0.0
WDR6,0.0
BAP1,-0.0
NISCH,0.0
STAB1,0.0
PBRM1,-0.0
GNL3,0.0
GLT8D1,-0.0
NEK4,0.0
ITIH1,-0.0
ITIH3,0.0
ITIH4,-0.0
MON1A,-0.0
RBM6,0.0
RBM5,-0.0
GNAI2,-0.0
IFRD2,0.0
HYAL1,-0.0
CACNA1D,-0.0
WNT5A,-0.0
CCDC66,-0.0
TASOR,0.0
APPL1,0.0
DNAH12,0.0
ARF4,-0.0
DENND6A,0.0
SLMAP,0.0
FLNB,-0.0
ABHD14A,0.0
ACY1,-0.0
MAP7D3,0.0
WDR82,-0.0
GLYCTK,0.0
DNAH1,-0.0
PDHB,0.0
KCTD6,-0.0
ACOX2,-0.0
FHIT,0.0
PTPRG,0.0
THOC7,0.0
ATXN7,0.0
PSMD6,-0.0
PRICKLE2,0.0
ADAMTS9,0.0
MAGI1,-0.0
SLC25A26,0.0
STIMATE,0.0
SFMBT1,-0.0
RFT1,0.0
DCP1A,-0.0
UBA3,-0.0
FRMD4B,-0.0
MITF,0.0
FOXP1,-0.0
RYBP,0.0
SHQ1,0.0
PPP4R2,0.0
CNTN3,-0.0
ZNF717,-0.0
ROBO2,0.0
ROBO1,0.0
GBE1,0.0
DNASE1L3,0.0
ABHD6,-0.0
RPP14,0.0
PXK,0.0
C3orf38,0.0
PROS1,-0.0
ARL13B,-0.0
NSUN3,-0.0
CRYBG3,-0.0
RIOX2,-0.0
CLDND1,-0.0
CPOX,0.0
ST3GAL6,0.0
DCBLD2,0.0
CMSS1,0.0
FILIP1L,0.0
LRIG1,-0.0
SUCLG2,-0.0
TAFA1,-0.0
TMF1,-0.0
TMEM45A,-0.0
ADGRG7,-0.0
TFG,-0.0
SENP7,-0.0
ZBTB11,-0.0
NFKBIZ,-0.0
ALCAM,-0.0
CBLB,0.0
BBX,0.0
CD47,-0.0
DZIP3,-0.0
C3orf85,-0.0
CADM2,0.0
CHMP2B,0.0
CGGBP1,-0.0
ZNF654,-0.0
ATG3,-0.0
SLC35A5,0.0
NEPRO,-0.0
CFAP44,0.0
SPICE1,-0.0
USF3,-0.0
NAA50,0.0
ATP6V1A,-0.0
GRAMD1C,-0.0
ZDHHC23,-0.0
CCDC191,0.0
QTRT2,0.0
TBC1D23,0.0
NIT2,-0.0
TOMM70,0.0
LNP1,0.0
POGLUT1,0.0
TIMMDC1,0.0
PLA1A,0.0
COX17,0.0
NR1I2,-0.0
GSK3B,0.0
LRRC58,0.0
NDUFB4,-0.0
RABL3,0.0
GOLGB1,-0.0
IQCB1,0.0
FAM162A,-0.0
NECTIN3,-0.0
PLCXD2,0.0
PHLDB2,-0.0
ABHD10,-0.0
PARP15,0.0
PARP14,0.0
HSPBAP1,-0.0
SLC49A4,-0.0
PDIA5,-0.0
SEC22A,-0.0
HACD2,-0.0
MYLK,-0.0
CCDC14,0.0
RBMX,-0.0
UMPS,-0.0
ITGB5,-0.0
HEG1,0.0
ZBTB20,0.0
B4GALT4,-0.0
TMEM39A,-0.0
ZNF148,-0.0
SNX4,0.0
OSBPL11,0.0
SLC41A3,0.0
FGF13,0.0
ZXDC,0.0
CHST13,-0.0
TXNRD3,-0.0
CHCHD6,0.0
TPRA1,0.0
MGLL,-0.0
SEC61A1,-0.0
RUVBL1,-0.0
KPNA1,-0.0
PARP9,-0.0
DTX3L,0.0
RPN1,-0.0
RAB7A,0.0
ACAD9,0.0
RAB43,0.0
ISY1,0.0
CNBP,0.0
COPG1,-0.0
HMCES,0.0
MBD4,0.0
IFT122,0.0
TMCC1,0.0
COL6A6,0.0
PIK3R4,-0.0
ATP2C1,0.0
NEK11,-0.0
SLC12A8,-0.0
NUDT16,-0.0
DNAJC13,0.0
ACAD11,-0.0
ACKR4,-0.0
UBA5,-0.0
NPHP3,0.0
CDV3,0.0
TOPBP1,-0.0
SRPRB,0.0
RYK,-0.0
CEP63,0.0
EPHB1,-0.0
PPP2R3A,0.0
MSL2,-0.0
PCCB,-0.0
EEFSEC,0.0
STAG1,0.0
SLC35G2,-0.0
NCK1,0.0
ARMC8,-0.0
NME9,0.0
CEP70,-0.0
PIK3CB,-0.0
COPB2,-0.0
NMNAT3,0.0
PXYLP1,0.0
ZBTB38,-0.0
RASA2,0.0
TFDP2,0.0
GK5,-0.0
XRN1,-0.0
ATR,-0.0
SSR3,-0.0
PLS1,-0.0
PCOLCE2,0.0
PAQR9,-0.0
U2SURP,-0.0
SLC9A9,0.0
DIPK2A,-0.0
PLOD2,-0.0
PLSCR4,0.0
PLSCR1,-0.0
ZIC1,0.0
AGTR1,-0.0
HLTF,0.0
HPS3,0.0
TM4SF4,-0.0
WWTR1,0.0
MYNN,-0.0
COMMD2,0.0
ANKUB1,0.0
RNF13,-0.0
TSC22D2,0.0
SERP1,0.0
EIF2A,-0.0
SELENOT,0.0
SIAH2,0.0
AADAC,-0.0
MBNL1,-0.0
ARHGEF26,0.0
DHX36,-0.0
MME,-0.0
SLC33A1,-0.0
GMPS,-0.0
WASF2,0.0
TIPARP,-0.0
LEKR1,0.0
CCNL1,-0.0
RSRC1,0.0
GFM1,-0.0
RARRES1,0.0
MFSD1,-0.0
IFT80,-0.0
SMC4,0.0
KPNA4,0.0
PPM1L,0.0
NMD3,-0.0
BCHE,-0.0
PDCD10,0.0
GOLIM4,-0.0
PIK3CA,-0.0
KCNMB3,0.0
LDLRAP1,0.0
MAN1C1,0.0
MTFR1L,0.0
PAFAH2,0.0
PDIK1L,-0.0
CEP85,-0.0
DHDDS,0.0
ARID1A,0.0
PIGV,-0.0
ZDHHC18,0.0
GPN2,0.0
NUDC,0.0
SLC9A1,0.0
WDTC1,0.0
YEATS2,-0.0
PARL,0.0
ABCC5,0.0
SEC62,-0.0
PHC3,0.0
PRKCI,-0.0
SKIL,-0.0
TNIK,0.0
PLD1,0.0
FNDC3B,0.0
TNFSF10,-0.0
NCEH1,0.0
NAALADL2,0.0
TBL1XR1,-0.0
KCNMB2,0.0
ZMAT3,0.0
TMEM41A,0.0
SENP2,-0.0
IGF2BP2,0.0
ZNF639,0.0
MFN1,-0.0
ACTL6A,0.0
NDUFB5,0.0
USP13,0.0
TTC14,-0.0
FXR1,0.0
DNAJC19,0.0
ATP11B,0.0
DCUN1D1,-0.0
MCCC1,0.0
MCF2L2,0.0
KLHL24,-0.0
LPP,0.0
TPRG1,0.0
TP63,0.0
CLDN1,-0.0
EIF2B5,0.0
DVL3,0.0
AP2M1,0.0
ABCF3,0.0
ALG3,-0.0
PSMD2,-0.0
EIF4G1,0.0
POLR2H,0.0
THPO,-0.0
VPS8,-0.0
EHHADH,0.0
MAP3K13,0.0
TNK2,-0.0
TFRC,-0.0
ZDHHC19,0.0
SLC51A,0.0
PCYT1A,0.0
TRA2B,0.0
CRYGS,-0.0
TBCCD1,-0.0
DNAJB11,-0.0
AHSG,-0.0
FETUB,-0.0
HRG,-0.0
EIF4A2,0.0
ST6GAL1,0.0
MASP1,0.0
BCL6,0.0
IQCG,-0.0
LMLN,-0.0
ZNF595,-0.0
ZNF718,0.0
ZNF141,-0.0
CLDN16,-0.0
IL1RAP,-0.0
CCDC50,0.0
OPA1,0.0
HES1,0.0
CPN2,-0.0
ATP13A3,0.0
LSG1,-0.0
XXYLT1,0.0
ACAP2,0.0
ATP11C,0.0
LETM1,0.0
NSD2,0.0
NELFA,0.0
POLN,-0.0
MXD4,0.0
UBXN7,0.0
RNF168,0.0
PAK2,-0.0
SENP5,0.0
NCBP2,0.0
PIGZ,-0.0
DLG1,-0.0
BDH1,-0.0
RUBCN,0.0
FYTTD1,-0.0
LRCH3,-0.0
TMEM128,-0.0
ZBTB49,-0.0
STX18,0.0
EVC2,0.0
EVC,0.0
PIGG,0.0
ATP5ME,0.0
PCGF3,0.0
GAK,-0.0
TMEM175,0.0
FMR1,-0.0
MAEA,-0.0
UVSSA,0.0
FAM53A,-0.0
SLBP,0.0
FGFR3,0.0
RAB28,-0.0
BOD1L1,-0.0
CPEB2,-0.0
CC2D2A,-0.0
FBXL5,-0.0
ZFYVE28,0.0
RNF4,-0.0
FAM193A,0.0
SH3BP2,-0.0
ADD1,0.0
NOP14,0.0
GRK4,0.0
HTT,-0.0
RGS12,0.0
HGFAC,0.0
LRPAP1,0.0
DHX15,0.0
CCDC149,-0.0
SEPSECS,-0.0
PI4K2B,-0.0
ZCCHC4,0.0
CRMP1,0.0
MAN2B2,0.0
MRFAP1L1,0.0
KIAA0232,-0.0
TBC1D14,0.0
SORCS2,-0.0
SH3TC1,0.0
ACOX3,0.0
TRMT44,0.0
SLC2A9,-0.0
WDR1,-0.0
KLF3,-0.0
FAM114A1,-0.0
KLHL5,-0.0
WDR19,-0.0
RFC1,-0.0
KLB,-0.0
FAM200B,-0.0
TAPT1,0.0
LDB2,0.0
QDPR,0.0
LAP3,0.0
MED28,0.0
DCAF16,-0.0
LCORL,0.0
PACRGL,-0.0
PPARGC1A,-0.0
SLC30A9,-0.0
GUF1,-0.0
ATP10D,0.0
NFXL1,-0.0
NIPAL1,-0.0
CNGA1,0.0
ANAPC4,0.0
SEL1L3,0.0
RBPJ,-0.0
TBC1D19,-0.0
STIM2,-0.0
ARAP2,-0.0
C4orf19,-0.0
RELL1,-0.0
PGM2,0.0
TBC1D1,0.0
FIP1L1,-0.0
LNX1,0.0
CHIC2,-0.0
TMEM165,0.0
CLOCK,-0.0
EXOC1,-0.0
LIAS,-0.0
UGDH,-0.0
SMIM14,-0.0
UBE2K,-0.0
PDS5A,0.0
N4BP2,-0.0
RBM47,-0.0
APBB2,0.0
LIMCH1,0.0
TMEM33,-0.0
UGT2B10,0.0
UGT2A3,0.0
UGT2B7,-0.0
UGT2B11,-0.0
UGT2B4,0.0
SULT1B1,-0.0
TXK,-0.0
TEC,0.0
SLAIN2,-0.0
FRYL,-0.0
OCIAD1,-0.0
OCIAD2,0.0
DCUN1D4,-0.0
IDS,0.0
USP46,-0.0
SCFD2,0.0
ANKRD17,-0.0
MTHFD2L,-0.0
RCHY1,-0.0
THAP6,-0.0
G3BP2,0.0
USO1,-0.0
CEP135,0.0
AASDH,-0.0
PAICS,0.0
SRP72,-0.0
REST,-0.0
POLR2B,-0.0
CENPC,0.0
UBA6,-0.0
YTHDC1,-0.0
UGT2B17,-0.0
CCDC158,0.0
SHROOM3,-0.0
SEPTIN11,0.0
CCNI,0.0
CNOT6L,-0.0
BMP2K,0.0
PAQR3,-0.0
ANTXR2,0.0
HNRNPD,0.0
SULT1E1,-0.0
RUFY3,0.0
GRSF1,0.0
MOB1B,-0.0
SLC4A4,0.0
GC,-0.0
COX18,-0.0
COPS4,0.0
HELQ,-0.0
GPAT3,0.0
WDFY3,-0.0
ARHGAP24,0.0
MAPK10,0.0
AFF1,-0.0
KLHL8,-0.0
HSD17B11,-0.0
NUDT9,-0.0
NAAA,-0.0
SDAD1,-0.0
NUP54,-0.0
SCARB2,-0.0
FAM47E,0.0
STBD1,0.0
FAM13A,0.0
TIGD2,-0.0
GPRIN3,0.0
CCSER1,0.0
GRID2,0.0
SMARCAD1,-0.0
PDLIM5,-0.0
STPG2,-0.0
RAP1GDS1,0.0
EIF4E,-0.0
ADH5,-0.0
HNRNPDL,0.0
ENOPH1,0.0
TMEM150C,0.0
SEC31A,-0.0
LIN54,-0.0
TRMT10A,0.0
MTTP,-0.0
DNAJB14,0.0
PPP3CA,0.0
SLC39A8,-0.0
NFKB1,0.0
MANBA,0.0
UBE2D3,-0.0
CISD2,0.0
SLC9B2,-0.0
BDH2,-0.0
PKD2,0.0
ABCG2,0.0
PPM1K,-0.0
HERC6,0.0
HERC3,0.0
TBCK,-0.0
AIMP1,0.0
PAPSS1,-0.0
SGMS2,0.0
CYP2U1,-0.0
HADH,0.0
OSTC,-0.0
COL25A1,0.0
SEC24B,-0.0
CASP6,-0.0
PLA2G12A,-0.0
ADH4,-0.0
ADH6,0.0
ADH1A,0.0
MAMLD1,-0.0
ADH1C,0.0
FAM241A,0.0
AP1AR,-0.0
ALPK1,-0.0
ZGRF1,0.0
LARP7,-0.0
CAMK2D,0.0
ARSJ,-0.0
NDST3,0.0
METTL14,-0.0
SEC24D,-0.0
USP53,-0.0
C4orf3,0.0
TET2,-0.0
PPA2,-0.0
INTS12,-0.0
GSTCD,-0.0
SPATA5,-0.0
ANKRD50,0.0
FAT4,-0.0
INTU,0.0
HSPA4L,0.0
MFSD8,-0.0
ABHD18,-0.0
LARP1B,-0.0
PGRMC2,0.0
JADE1,0.0
SCLT1,-0.0
NOCT,-0.0
ELF2,-0.0
GAR1,-0.0
ELOVL6,0.0
ENPEP,-0.0
SETD7,0.0
MGST2,-0.0
MAML3,-0.0
ELMOD2,0.0
TBC1D9,0.0
ZNF330,0.0
IL15,-0.0
USP38,-0.0
GAB1,0.0
SMARCA5,0.0
ANAPC10,-0.0
ABCE1,-0.0
OTUD4,-0.0
PDE5A,0.0
ANXA5,0.0
EXOSC9,0.0
LSM6,0.0
SLC10A7,-0.0
TMEM184C,-0.0
PRMT9,-0.0
MTM1,-0.0
NR3C2,0.0
IQCM,-0.0
LRBA,-0.0
SH3D19,0.0
PRSS48,-0.0
GATB,-0.0
FBXW7,0.0
TMEM154,0.0
NDUFC1,0.0
NAA15,-0.0
RAB33B,-0.0
TRIM2,-0.0
TMEM131L,-0.0
PLRG1,-0.0
FGB,-0.0
FGA,0.0
FGG,-0.0
LRAT,0.0
GUCY1A1,0.0
CTSO,0.0
PDGFC,0.0
ETFDH,-0.0
PPID,-0.0
C4orf45,-0.0
SMAD1,-0.0
MMAA,-0.0
ZNF827,0.0
NAF1,-0.0
TMA16,0.0
TMEM192,-0.0
KLHL2,-0.0
MSMO1,-0.0
ANXA10,0.0
DDX60,-0.0
DDX60L,0.0
PALLD,0.0
CBR4,-0.0
SH3RF1,-0.0
NEK1,-0.0
CLCN3,-0.0
HPF1,0.0
MFAP3L,0.0
ARFIP1,0.0
AADAT,-0.0
GALNTL6,-0.0
FBXO8,-0.0
CEP44,-0.0
GPM6A,0.0
SPCS3,-0.0
DCTD,-0.0
WWC2,-0.0
RWDD4,-0.0
TRAPPC11,-0.0
STOX2,0.0
IRF2,0.0
CASP3,-0.0
PRIMPOL,-0.0
ACSL1,-0.0
RAPGEF2,-0.0
DNAH5,0.0
CFAP97,0.0
SNX25,-0.0
ANKRD37,-0.0
UFSP2,0.0
SORBS2,0.0
FAM149A,-0.0
KLKB1,-0.0
F11,-0.0
FAT1,0.0
FRG1,0.0
SDHA,-0.0
PDCD6,-0.0
EXOC3,0.0
CEP72,0.0
ZDHHC11B,0.0
NPR3,0.0
SLC45A2,-0.0
BRD9,0.0
SLC12A7,0.0
NDUFS6,0.0
MED10,0.0
NSUN2,0.0
SRD5A1,-0.0
TENT4A,0.0
MTRR,-0.0
SEMA5A,-0.0
ATPSCKMT,0.0
CCT5,0.0
CMBL,0.0
DAP,0.0
CTNND2,0.0
TMEM50A,0.0
MACO1,-0.0
TRIO,0.0
OTULIN,-0.0
ANKH,0.0
FBXL7,0.0
RETREG1,0.0
MYO10,0.0
CDH12,-0.0
DROSHA,0.0
C5orf22,-0.0
PDZD2,0.0
GOLPH3,0.0
MTMR12,0.0
ZFR,-0.0
SUB1,-0.0
NIPBL,-0.0
CPLANE1,-0.0
ELOA,0.0
PITHD1,-0.0
GALE,0.0
HMGCL,0.0
PNRC2,0.0
SRSF10,0.0
IFNLR1,0.0
NIPAL3,-0.0
NCMAP,-0.0
SRRM1,0.0
CLIC4,0.0
SYF2,0.0
RSRP1,-0.0
RHD,0.0
ZNF131,0.0
HMGCS1,0.0
TMEM267,-0.0
AMACR,0.0
C1QTNF3,-0.0
RAI14,-0.0
RAD1,0.0
BRIX1,0.0
DNAJC21,0.0
PRLR,0.0
SPEF2,-0.0
UGT3A1,-0.0
LMBRD2,-0.0
SKP2,0.0
MTMR1,-0.0
RANBP3L,0.0
MTREX,-0.0
PLPP1,0.0
SLC38A9,0.0
IL6ST,-0.0
MAP3K1,0.0
MIER3,0.0
NUP155,0.0
WDR70,-0.0
CD99L2,-0.0
OSMR,0.0
RICTOR,0.0
TTC33,-0.0
PRKAA1,-0.0
C6,0.0
FBXO4,0.0
CCDC152,-0.0
CWC27,0.0
ADAMTS6,0.0
PPWD1,0.0
TRIM23,-0.0
TRAPPC13,0.0
NLN,0.0
PAIP1,-0.0
NNT,-0.0
PARP8,0.0
ITGA1,-0.0
MOCS2,0.0
FST,-0.0
NDUFS4,0.0
ARL15,-0.0
SNX18,0.0
DHX29,-0.0
NAIP,0.0
BDP1,-0.0
MCCC2,-0.0
PTCD2,-0.0
TNPO1,0.0
FCHO2,-0.0
GPBP1,0.0
PDE4D,0.0
ERCC8,-0.0
NDUFAF2,0.0
ZSWIM6,-0.0
KIF2A,0.0
DIMT1,0.0
IPO11,0.0
RNF180,-0.0
SREK1IP1,-0.0
POLK,-0.0
POC5,0.0
IQGAP2,0.0
GABRE,0.0
ZBED3,-0.0
WDR41,0.0
ERBIN,0.0
MAST4,0.0
PIK3R1,-0.0
SLC30A5,0.0
CDK7,0.0
CCDC125,-0.0
AK6,-0.0
RAD17,0.0
MARVELD2,0.0
OCLN,-0.0
TENT2,0.0
CMYA5,0.0
ZFYVE16,-0.0
FAM151B,-0.0
DHFR,-0.0
MSH3,-0.0
BTF3,-0.0
ANKRA2,-0.0
ARHGEF28,0.0
ENC1,0.0
HEXB,0.0
GFM2,-0.0
NSA2,0.0
FAM169A,0.0
HMGCR,-0.0
CERT1,0.0
RASA1,-0.0
CCNH,-0.0
TMEM161B,-0.0
CETN3,0.0
MBLAC2,-0.0
POLR3G,-0.0
LYSMD3,-0.0
AP3B1,-0.0
SCAMP1,-0.0
LHFPL2,0.0
ARSB,0.0
DMGDH,0.0
BHMT2,0.0
BHMT,0.0
JMY,0.0
HOMER1,0.0
ELL2,-0.0
PCSK1,0.0
CAST,0.0
ERAP1,-0.0
ERAP2,-0.0
LNPEP,-0.0
RIOK2,0.0
RASGRF2,0.0
CKMT2,0.0
ZCCHC9,0.0
ACOT12,-0.0
SSBP2,0.0
ATG10,-0.0
TMEM167A,-0.0
XRCC4,0.0
COX7C,-0.0
TMEM232,-0.0
SLC25A46,-0.0
WDR36,-0.0
STARD4,-0.0
NREP,-0.0
EPB41L4A,0.0
APC,0.0
ADGRV1,-0.0
ARRDC3,-0.0
FAM172A,-0.0
KIAA0825,-0.0
SLF1,0.0
MCTP1,0.0
ARSK,-0.0
RHOBTB3,0.0
GLRX,-0.0
TMED7,-0.0
CDO1,-0.0
ATG12,-0.0
AP3S1,-0.0
COMMD10,-0.0
SEMA6A,0.0
DTWD2,-0.0
CHD1,-0.0
FAM174A,0.0
GIN1,-0.0
PPIP5K2,-0.0
NUDT12,-0.0
FBXL17,0.0
FER,0.0
PJA2,-0.0
MAN2A1,-0.0
ZNF608,-0.0
GRAMD2B,-0.0
ALDH7A1,0.0
PHAX,0.0
C5orf63,-0.0
PRRC1,-0.0
SLC12A2,0.0
SRP19,-0.0
REEP5,0.0
DCP2,0.0
MCC,-0.0
YTHDC2,-0.0
KCNN2,-0.0
PGGT1B,0.0
FEM1C,-0.0
TICAM2,-0.0
IRF1,0.0
RAD50,-0.0
SHROOM1,0.0
UQCRQ,0.0
LEAP2,0.0
AFF4,-0.0
ZCCHC10,-0.0
DMXL1,-0.0
TNFAIP8,-0.0
HSD17B4,0.0
SRFBP1,0.0
SNCAIP,0.0
SNX2,-0.0
SNX24,-0.0
CEP120,-0.0
CSNK1G3,-0.0
SEC24A,-0.0
DDX46,-0.0
C5orf24,-0.0
TXNDC15,0.0
PCBD2,-0.0
LECT2,-0.0
TGFBI,0.0
ISOC1,-0.0
CHSY3,-0.0
HINT1,-0.0
LYRM7,0.0
CDC42SE2,0.0
RAPGEF6,0.0
FNIP1,0.0
SLC22A4,0.0
SLC22A5,-0.0
HSPA9,0.0
CTNNA1,0.0
SIL1,0.0
PAIP2,0.0
SLC23A1,-0.0
UBE2D2,-0.0
CXXC5,-0.0
HSPA4,0.0
C5orf15,0.0
VDAC1,0.0
TCF7,0.0
PPP2CA,-0.0
CDKL3,0.0
UBE2B,0.0
JADE2,0.0
SAR1B,0.0
IK,0.0
HARS2,0.0
TAF7,0.0
DIAPH1,-0.0
HDAC3,0.0
PCDH1,0.0
DELE1,0.0
SMAD5,-0.0
KLHL3,-0.0
FAM13B,-0.0
BRD8,-0.0
CDC23,0.0
FAM53C,0.0
KDM3B,0.0
EGR1,0.0
ETF1,-0.0
RBM27,0.0
TCERG1,0.0
JAKMIP2,-0.0
FBXO38,-0.0
ABLIM3,-0.0
CSNK1A1,0.0
ARHGEF37,0.0
PURA,0.0
CYSTM1,-0.0
PFDN1,0.0
ANKHD1,0.0
SRA1,0.0
APBB3,-0.0
NSDHL,-0.0
NDUFA2,0.0
TMCO6,0.0
ANXA6,0.0
CCDC69,-0.0
ATOX1,0.0
FAM114A2,-0.0
MFAP3,-0.0
GALNT10,0.0
LARP1,-0.0
RNF14,-0.0
GNPDA1,-0.0
NDFIP1,0.0
SPRY4,-0.0
ARHGAP26,0.0
NR3C1,0.0
YIPF5,-0.0
PRELID2,0.0
SH3RF2,0.0
ADRA1B,0.0
TTC1,0.0
PWWP2A,0.0
SLU7,0.0
CCNG1,-0.0
NUDCD2,0.0
MAT2B,-0.0
PPARGC1B,0.0
HMGXB3,0.0
TCOF1,0.0
NDST1,-0.0
SYNPO,0.0
RBM22,-0.0
DCTN4,0.0
GPX3,-0.0
TNIP1,0.0
SH3PXD2B,0.0
DUSP1,-0.0
ERGIC1,-0.0
ATP6V0E1,0.0
CREBRF,0.0
BNIP1,-0.0
CPEB4,0.0
SFXN1,0.0
FAXDC2,0.0
CNOT8,0.0
GEMIN5,0.0
HAVCR2,0.0
ADAM19,0.0
CLINT1,0.0
RNF145,0.0
UBLCP1,-0.0
FGFR4,-0.0
NSD1,0.0
LMAN2,-0.0
RGS14,0.0
GRK6,0.0
FAM193B,0.0
TMED9,-0.0
RMND5B,0.0
TENM2,-0.0
WWC1,0.0
PANK3,-0.0
SLIT3,0.0
RANBP17,-0.0
FBXW11,0.0
STK10,0.0
UBTD2,-0.0
MAML1,0.0
MGAT4B,0.0
ZNF275,-0.0
MRNIP,0.0
TBC1D9B,0.0
RNF130,-0.0
MAPK9,-0.0
CNOT6,-0.0
MGAT1,0.0
ZFP62,-0.0
SIMC1,0.0
KIAA1191,-0.0
CLTB,0.0
FAF2,0.0
UIMC1,-0.0
ZNF346,0.0
WRNIP1,0.0
SERPINB1,0.0
SERPINB9,0.0
SERPINB6,0.0
NQO2,-0.0
RIPK1,0.0
BPHL,-0.0
PSMG4,0.0
SLC22A23,-0.0
PXDC1,-0.0
HNRNPAB,0.0
PHYKPL,-0.0
CLK4,0.0
ZNF354B,-0.0
RUFY1,0.0
CANX,-0.0
SSR1,-0.0
RIOK1,0.0
DSP,-0.0
SNRNP48,0.0
TXNDC5,0.0
BLOC1S5,0.0
EEF1E1,0.0
SLC35B3,-0.0
GCNT2,-0.0
TMEM14B,0.0
TRIM41,0.0
RACK1,0.0
TRIM52,0.0
DUSP22,0.0
EXOC2,-0.0
GMDS,0.0
GFOD1,0.0
SIRT5,0.0
NOL7,0.0
RANBP9,-0.0
MCUR1,0.0
JARID2,-0.0
DTNBP1,0.0
ATXN1,0.0
CAP2,0.0
FAM8A1,-0.0
PRPF4B,0.0
ECI2,-0.0
CDYL,0.0
LYRM4,0.0
FARS2,0.0
RREB1,0.0
RNF144B,0.0
MBOAT1,0.0
E2F3,0.0
CDKAL1,-0.0
DCDC2,0.0
MRS2,0.0
ALDH5A1,-0.0
TDP2,-0.0
ACOT13,0.0
C6orf62,0.0
MAK,-0.0
ELOVL2,0.0
SMIM13,0.0
NEDD9,0.0
TMEM170B,-0.0
TBC1D7,-0.0
SLC17A2,-0.0
TRIM38,0.0
BTN3A2,0.0
BTN3A1,-0.0
BTN2A1,0.0
ZNF322,-0.0
ZKSCAN8,0.0
ZSCAN26,-0.0
PGBD1,-0.0
TRIM27,-0.0
TRIM26,0.0
NUP153,-0.0
KIF13A,0.0
TPMT,0.0
KDM1B,0.0
DEK,0.0
ATAT1,0.0
C6orf136,-0.0
DHX16,0.0
MDC1,0.0
TUBB,0.0
FLOT1,-0.0
IER3,0.0
GTF2H4,-0.0
VARS2,0.0
CCHCR1,-0.0
MICA,0.0
DDX39B,-0.0
GMNN,0.0
CARMIL1,0.0
SLC17A4,-0.0
SLC17A3,-0.0
APOM,0.0
CSNK2B,0.0
ABHD16A,-0.0
MSH5,0.0
BCAP31,0.0
HSPA1B,0.0
EHMT2,0.0
NELFE,0.0
STK19,-0.0
CYP21A2,-0.0
ATF6B,0.0
PBX2,0.0
GNL1,-0.0
PRR3,-0.0
ABCF1,0.0
PPP1R10,-0.0
SLC39A7,-0.0
RING1,0.0
VPS52,0.0
WDR46,0.0
RGL2,0.0
TAPBP,0.0
PHF1,0.0
UQCC2,-0.0
IP6K3,0.0
LEMD2,0.0
NUDT3,0.0
ILRUN,0.0
SNRPC,0.0
TAF11,0.0
PRRC2A,0.0
BAG6,0.0
PPARD,-0.0
TEAD3,-0.0
FKBP5,-0.0
SRPK1,0.0
MAPK14,-0.0
BRPF3,0.0
KCTD20,-0.0
STK38,0.0
SRSF3,0.0
CDKN1A,0.0
C6orf89,-0.0
MTCH1,0.0
TBC1D22B,0.0
RNF8,0.0
BRD2,0.0
RXRB,0.0
ZFAND3,0.0
BTBD9,0.0
GLO1,-0.0
KIF6,-0.0
MOCS1,0.0
UNC5CL,-0.0
OARD1,0.0
NFYA,-0.0
FOXP4,0.0
TFEB,-0.0
TOMM6,0.0
USP49,0.0
CCND3,0.0
TAF8,0.0
ANKS1A,0.0
ZNF76,-0.0
UBR2,0.0
BICRAL,0.0
CNPY3,0.0
GNMT,-0.0
PEX6,-0.0
PPP2R5D,0.0
KLHDC3,0.0
RRP36,-0.0
CUL7,0.0
KLC4,-0.0
CUL9,0.0
CRIP3,0.0
ZNF318,-0.0
TJAP1,0.0
POLR1C,0.0
CMTR1,0.0
XPO5,0.0
POLH,0.0
GTPBP2,0.0
VEGFA,-0.0
TMEM63B,0.0
SLC29A1,0.0
HSP90AB1,0.0
AARS2,0.0
CDC5L,-0.0
SUPT3H,0.0
RUNX2,0.0
CYP39A1,-0.0
SLC25A27,-0.0
TDRD6,-0.0
CD2AP,0.0
PTCHD4,0.0
SENP6,-0.0
MYO6,0.0
CENPQ,-0.0
PKHD1,-0.0
EFHC1,-0.0
TMEM14A,0.0
GSTA2,-0.0
GSTA1,-0.0
GSTA4,0.0
FBXO9,-0.0
ELOVL5,-0.0
GCLC,-0.0
LRRC1,0.0
MLIP,0.0
DST,-0.0
KIAA1586,0.0
NT5E,-0.0
SNX14,-0.0
ZNF451,-0.0
BAG2,0.0
PRIM2,0.0
LGSN,-0.0
PHF3,-0.0
EYS,0.0
LMBRD1,-0.0
FAM135A,-0.0
SDHAF4,0.0
SMAP1,-0.0
MTO1,0.0
SLC17A5,0.0
COX7A2,0.0
TMEM30A,-0.0
CASP8AP2,-0.0
BACH2,0.0
MEI4,-0.0
IRAK1BP1,-0.0
PHIP,0.0
HMGN3,-0.0
SH3BGRL2,0.0
BCKDHB,0.0
TENT5A,0.0
IBTK,-0.0
UBE3D,0.0
DOP1A,-0.0
PGM3,-0.0
ME1,0.0
CYB5R4,-0.0
CEP162,-0.0
ATG5,0.0
CRYBG1,-0.0
SYNCRIP,-0.0
ZNF292,0.0
SMIM8,-0.0
SLC35A1,-0.0
RARS2,-0.0
ORC3,-0.0
AKIRIN2,0.0
RNGTT,-0.0
PNRC1,0.0
PM20D2,0.0
UBE2J1,-0.0
ANKRD6,-0.0
LYRM2,-0.0
MDN1,-0.0
CD164,-0.0
ZBTB24,-0.0
MAP3K7,0.0
MANEA,-0.0
UFL1,0.0
NDUFAF4,-0.0
KLHL32,0.0
MMS22L,0.0
FBXL4,-0.0
PNISR,-0.0
USP45,-0.0
CCNC,-0.0
ASCC3,0.0
GRIK2,0.0
HACE1,-0.0
PREP,-0.0
SKI,0.0
HDAC2,0.0
RTN4IP1,0.0
QRSL1,-0.0
MTRES1,-0.0
PDSS2,-0.0
SOBP,-0.0
SCML4,-0.0
SEC63,-0.0
OSTM1,0.0
SNX3,-0.0
AFG1L,-0.0
FOXO3,0.0
ARMC2,0.0
SESN1,-0.0
CEP57L1,-0.0
TBC1D32,-0.0
HSF2,-0.0
AK9,0.0
FIG4,-0.0
WASF1,0.0
CDC40,0.0
DDO,-0.0
CDK19,0.0
AMD1,0.0
RPF2,-0.0
SLC16A10,-0.0
MFSD4B,0.0
REV3L,-0.0
TRAF3IP2,0.0
FYN,0.0
TUBE1,-0.0
ARHGAP18,-0.0
L3MBTL3,0.0
FRK,-0.0
NT5DC1,-0.0
COL10A1,0.0
DSE,0.0
RWDD1,-0.0
ZUP1,-0.0
KPNA5,-0.0
DCBLD1,-0.0
GOPC,0.0
NUS1,-0.0
CEP85L,-0.0
MCM9,0.0
FAM184A,-0.0
MAN1A1,-0.0
TCEA3,0.0
ASAP3,0.0
SERINC1,0.0
PKIB,0.0
SMPDL3A,-0.0
NKAIN2,-0.0
RNF217,-0.0
TPD52L1,0.0
HDDC2,0.0
HEY2,0.0
NCOA7,0.0
HINT3,0.0
TRMT11,-0.0
RNF146,0.0
ECHDC1,-0.0
PTPRK,0.0
HBS1L,-0.0
AHI1,-0.0
CAMK2N1,0.0
CDA,-0.0
PINK1,-0.0
DDOST,0.0
HP1BP3,0.0
EIF4G3,-0.0
ECE1,0.0
ALPL,-0.0
RAP1GAP,0.0
USP48,-0.0
ZBTB40,0.0
KDM1A,0.0
LUZP1,0.0
HNRNPR,0.0
VTA1,-0.0
ADGRG6,-0.0
HIVEP2,0.0
SMLR1,0.0
EPB41L2,0.0
AKAP7,0.0
MED23,0.0
ENPP3,-0.0
ENPP1,0.0
STX7,0.0
VNN1,-0.0
SLC18B1,-0.0
TBPL1,-0.0
SLC2A12,0.0
SGK1,0.0
ALDH8A1,-0.0
TAB2,-0.0
PPIL4,-0.0
GINM1,0.0
PDE7B,-0.0
BCLAF1,-0.0
MAP7,0.0
MAP3K5,-0.0
PEX7,0.0
IFNGR1,0.0
TNFAIP3,-0.0
PERP,-0.0
HEBP2,0.0
NHSL1,-0.0
CCDC28A,-0.0
REPS1,0.0
HECA,0.0
CNKSR3,-0.0
SCAF8,-0.0
TIAM2,0.0
AIG1,-0.0
ADAT2,-0.0
PEX3,-0.0
FUCA2,-0.0
PHACTR2,0.0
LTV1,0.0
UTRN,-0.0
EPM2A,-0.0
SHPRH,-0.0
RAB32,0.0
STXBP5,0.0
SAMD5,0.0
SASH1,0.0
RSPH3,0.0
SOD2,0.0
WTAP,-0.0
KATNA1,0.0
LATS1,-0.0
NUP43,-0.0
PCMT1,-0.0
LRP11,0.0
IYD,-0.0
PLEKHG1,0.0
MTHFD1L,-0.0
RMND1,-0.0
ACAP3,0.0
SYNE1,0.0
MTRF1L,0.0
IPCEF1,-0.0
AFDN,0.0
WDR27,-0.0
PHF10,0.0
TFB1M,-0.0
CLDN20,-0.0
ARID1B,0.0
TMEM242,0.0
ZDHHC14,-0.0
SNX9,-0.0
SYNJ2,0.0
SERAC1,-0.0
GTF2H5,-0.0
TULP4,0.0
TMEM181,0.0
DYNLT1,-0.0
EZR,-0.0
ZFAND2A,-0.0
INTS11,0.0
INTS1,0.0
DVL1,0.0
ACAT2,-0.0
TCP1,0.0
IGF2R,0.0
SLC22A1,-0.0
SLC22A3,0.0
PLG,0.0
MAP3K4,0.0
PRKN,0.0
PACRG,0.0
QKI,0.0
SFT2D1,-0.0
MPC1,0.0
FOXK1,0.0
AP5Z1,0.0
RBAK,-0.0
WIPI2,-0.0
ERMARD,0.0
FAM120B,0.0
PSMB1,0.0
TBP,-0.0
PDCD2,-0.0
FAM20C,0.0
PRKAR1B,0.0
DNAAF5,-0.0
SUN1,0.0
COX19,-0.0
C7orf50,0.0
GPER1,0.0
KDELR2,-0.0
ZNF316,0.0
ZNF12,-0.0
C1GALT1,-0.0
TMEM184A,0.0
ELFN1,0.0
MAD1L1,-0.0
SNX8,0.0
EIF3B,0.0
CHST12,0.0
BRAT1,0.0
IQCE,0.0
TTYH3,0.0
AMZ1,-0.0
GNA12,0.0
SDK1,0.0
CRPPA,-0.0
ANKMY2,0.0
BZW2,-0.0
CCNL2,-0.0
TNRC18,0.0
FBXL18,0.0
ACTB,0.0
RNF216,0.0
CCZ1,-0.0
PMS2,0.0
AIMP2,0.0
EIF2AK1,-0.0
USP42,-0.0
CYTH3,0.0
RAC1,0.0
DAGLB,0.0
SNX10,0.0
SKAP2,0.0
HIBADH,0.0
TAX1BP1,-0.0
MIOS,-0.0
RPA3,0.0
UMAD1,0.0
GLCCI1,0.0
ICA1,-0.0
NDUFA4,0.0
PHF14,0.0
THSD7A,0.0
TMEM106B,-0.0
ETV1,0.0
DGKB,-0.0
AGMO,0.0
RP9,0.0
BBS9,-0.0
DPY19L1,-0.0
HERPUD2,0.0
SNX13,0.0
SP4,0.0
DNAH11,-0.0
RAPGEF5,-0.0
KLHL7,0.0
NUP42,0.0
MALSU1,-0.0
TRA2A,-0.0
CCDC126,0.0
FAM221A,-0.0
HNRNPA2B1,0.0
CBX3,0.0
SUGCT,0.0
INHBA,0.0
PSMA2,-0.0
STK17A,0.0
JAZF1,0.0
CREB5,0.0
CHN2,-0.0
WIPF3,0.0
PLEKHA8,0.0
ZNRF2,-0.0
MINDY4,0.0
LSM5,0.0
AVL9,-0.0
KBTBD2,-0.0
FKBP9,0.0
NT5C3A,-0.0
OGDH,0.0
ZMIZ2,0.0
PPIA,0.0
PURB,0.0
SEPTIN7,0.0
EEPD1,0.0
AOAH,0.0
ELMO1,0.0
EPDR1,0.0
SFRP4,0.0
VPS41,-0.0
POU6F2,-0.0
YAE1,0.0
RALA,0.0
CDK13,0.0
MPLKIP,0.0
ZNF713,0.0
NIPSNAP2,-0.0
PSPH,0.0
CCT6A,0.0
COA1,-0.0
URGCP,0.0
UBE2D4,-0.0
SPDYE1,0.0
DBNL,0.0
POLM,0.0
POLD2,0.0
CAMK2B,-0.0
NUDCD3,0.0
NPC1L1,-0.0
DDX56,0.0
TMED4,0.0
KCTD7,-0.0
RABGEF1,-0.0
TMEM248,0.0
TYW1,-0.0
AUTS2,-0.0
CCM2,0.0
TBRG4,0.0
ADCY1,0.0
TNS3,0.0
HUS1,-0.0
DDC,-0.0
GRB10,0.0
COBL,0.0
EGFR,-0.0
LANCL2,0.0
VOPP1,0.0
GTF2IRD1,0.0
GTF2I,0.0
CASTOR2,0.0
RCC1L,0.0
POM121C,-0.0
SUMF2,-0.0
CHCHD2,-0.0
ZNF736,-0.0
ZNF680,0.0
ZNF138,0.0
ZNF117,-0.0
VKORC1L1,-0.0
GUSB,0.0
ASL,-0.0
CRCP,0.0
TPST1,-0.0
PTPN12,0.0
RSBN1L,-0.0
PHTF2,-0.0
MAGI2,0.0
GNAI1,0.0
CALN1,-0.0
TYW1B,-0.0
POM121,0.0
NSUN5,0.0
BAZ1B,0.0
BCL7B,0.0
MLXIPL,0.0
BUD23,0.0
ATAD3B,-0.0
LAT2,-0.0
RFC2,0.0
CFAP69,-0.0
GTPBP10,-0.0
CLDN12,-0.0
CDK14,0.0
MTERF1,0.0
SPDYE5,0.0
HIP1,-0.0
POR,0.0
TMEM120A,0.0
STYXL1,-0.0
MDH2,0.0
HSPB1,0.0
YWHAG,0.0
DTX2,-0.0
CCDC146,-0.0
GSAP,0.0
CASD1,-0.0
SGCE,0.0
PPP1R9A,0.0
PON1,-0.0
PON3,0.0
CD36,0.0
PCLO,0.0
DMTF1,-0.0
CROT,-0.0
ABCB4,0.0
ABCB1,-0.0
RUNDC3B,-0.0
SLC25A40,-0.0
DBF4,0.0
STEAP1,0.0
STEAP2,0.0
SMURF1,0.0
ARPC1A,0.0
ARPC1B,0.0
PTCD1,0.0
CPSF4,-0.0
AKAP9,-0.0
CYP51A1,-0.0
KRIT1,-0.0
ANKIB1,-0.0
GATAD1,-0.0
PEX1,0.0
RBM48,0.0
FAM133B,0.0
CDK6,0.0
VPS50,-0.0
BET1,-0.0
ZKSCAN1,-0.0
ZSCAN21,0.0
ZNF3,0.0
COPS6,0.0
MCM7,0.0
PON2,-0.0
ASB4,-0.0
PDK4,-0.0
SLC25A13,0.0
SEM1,0.0
SDHAF3,-0.0
LMTK2,0.0
TECPR1,0.0
BRI3,0.0
BAIAP2L1,0.0
TRRAP,-0.0
EPHB4,0.0
SLC12A9,0.0
TRIP6,-0.0
SRRT,0.0
MUC3A,0.0
TRIM56,0.0
SERPINE1,-0.0
ZNF789,0.0
ZNF394,0.0
ZKSCAN5,0.0
ZNF655,-0.0
ZSCAN25,0.0
CYP3A7,-0.0
ATAD3A,-0.0
CYP3A43,0.0
TRIM4,0.0
ARMC10,-0.0
NAPEPLD,-0.0
PMPCB,0.0
DNAJC2,-0.0
PSMC2,-0.0
SLC26A5,0.0
RELN,0.0
LAMTOR4,0.0
PILRB,0.0
PILRA,0.0
ZCWPW1,-0.0
PPP1R35,0.0
AGFG2,0.0
LRCH4,0.0
TFR2,-0.0
GIGYF1,0.0
HBP1,0.0
COG5,-0.0
BCAP29,0.0
CBLL1,-0.0
DLD,-0.0
PNPLA8,-0.0
THAP5,-0.0
SSU72,0.0
PLOD3,0.0
ZNHIT1,0.0
CLDN15,0.0
FIS1,0.0
COL26A1,-0.0
CUX1,0.0
FAM185A,0.0
FBXL13,0.0
BMT2,-0.0
FOXP2,0.0
MDFIC,-0.0
CAV2,-0.0
MET,0.0
CAPZA2,0.0
ST7,-0.0
LSM8,0.0
ORC5,0.0
KMT2E,-0.0
SRPK2,-0.0
PUS7,0.0
RINT1,0.0
ATXN7L1,0.0
CDHR3,-0.0
SYPL1,0.0
POT1,-0.0
GRM8,-0.0
ZNF800,0.0
SND1,0.0
LRRC4,0.0
RBM28,0.0
CALU,-0.0
TNPO3,-0.0
DNAJB9,-0.0
IMMP2L,0.0
LRRN3,0.0
DOCK4,-0.0
ZNF277,0.0
IFRD1,0.0
LSMEM1,-0.0
TMEM168,-0.0
MKLN1,0.0
PLXNA4,-0.0
CHCHD3,-0.0
EXOC4,0.0
LRGUK,-0.0
SLC35B4,-0.0
AKR1B10,0.0
CALD1,0.0
TSPAN12,-0.0
ING3,0.0
CPED1,0.0
FAM3C,-0.0
AASS,-0.0
CADPS2,-0.0
NDUFA5,-0.0
WASL,-0.0
MTPN,0.0
CREB3L2,0.0
AKR1D1,-0.0
TRIM24,-0.0
KIAA1549,0.0
ZC3HAV1,-0.0
UBN2,-0.0
LUC7L2,0.0
SMO,0.0
AHCYL2,0.0
NRF1,0.0
UBE2H,0.0
ZC3HC1,-0.0
KLHDC10,-0.0
TMEM209,-0.0
COPG2,0.0
AGK,0.0
DENND11,-0.0
SSBP1,-0.0
GSTK1,-0.0
CASP2,0.0
ZYX,0.0
EPHA1,-0.0
TCAF1,0.0
AGBL3,0.0
CYREN,0.0
TMEM140,-0.0
WDR91,-0.0
CNOT4,-0.0
NUP205,-0.0
STMP1,0.0
SLC13A4,0.0
ZNF398,-0.0
ZNF282,0.0
ZNF212,-0.0
ZNF783,-0.0
ZNF777,0.0
ZNF862,0.0
ATP6V0E2,0.0
RARRES2,0.0
HIPK2,0.0
TBXAS1,0.0
PARP12,-0.0
KDM7A,-0.0
SLC37A3,0.0
MKRN1,0.0
NDUFB2,-0.0
BRAF,-0.0
NUB1,0.0
RHEB,0.0
PRKAG2,-0.0
GALNT11,-0.0
KMT2C,-0.0
ACTR3B,-0.0
DPP6,0.0
PAXIP1,0.0
ARHGEF5,0.0
TPK1,0.0
CNTNAP2,0.0
CUL1,-0.0
EZH2,0.0
PDIA4,-0.0
ZNF786,-0.0
ZNF425,-0.0
ESYT2,0.0
ZNF596,-0.0
FBXO25,-0.0
TDRP,-0.0
ERICH1,-0.0
DLGAP2,-0.0
CLN8,-0.0
ARHGEF10,0.0
REPIN1,0.0
TMEM176B,0.0
TMEM176A,-0.0
AOC1,0.0
ABCB8,-0.0
SLC4A2,0.0
FASTK,-0.0
AGAP3,0.0
MFHAS1,0.0
ERI1,-0.0
PPP1R3B,-0.0
TNKS,-0.0
MSRA,-0.0
PRSS51,0.0
PINX1,0.0
XKR6,0.0
MTMR9,-0.0
RBM33,-0.0
SHH,0.0
LMBR1,-0.0
NOM1,0.0
UBE3C,-0.0
DNAJB6,-0.0
NCAPG2,0.0
MICU3,0.0
ZDHHC2,-0.0
CNOT7,-0.0
VPS37A,0.0
MTUS1,0.0
FGL1,-0.0
PCM1,0.0
ASAH1,0.0
NAT1,-0.0
KBTBD11,0.0
MYOM2,0.0
CSMD1,-0.0
MCPH1,-0.0
AGPAT5,-0.0
DEFB1,-0.0
PRAG1,0.0
DMTN,0.0
BMP1,0.0
POLR3D,0.0
PIWIL2,-0.0
SLC39A14,-0.0
PPP3CC,0.0
SORBS3,0.0
PDLIM2,0.0
CCAR2,0.0
BIN3,-0.0
GATA4,0.0
FDFT1,-0.0
CTSB,-0.0
LONRF1,0.0
TRMT9B,-0.0
DLC1,0.0
DOCK5,-0.0
KCTD9,0.0
PPP2R2A,-0.0
BNIP3L,0.0
DPYSL2,0.0
ADRA1A,0.0
TRIM35,0.0
PTK2B,0.0
EPHX2,-0.0
CLU,-0.0
CCDC25,-0.0
NAT2,-0.0
SH2D4A,-0.0
INTS10,-0.0
ATP6V1B2,-0.0
XPO7,-0.0
HMBOX1,0.0
KIF13B,-0.0
SARAF,-0.0
LEPROTL1,-0.0
RBPMS,0.0
GTF2E2,-0.0
SMIM18,0.0
GSR,-0.0
UBXN8,-0.0
PPP2CB,-0.0
WRN,-0.0
TNFRSF10B,0.0
TNFRSF10D,-0.0
TNFRSF10A,0.0
ENTPD4,-0.0
SLC25A37,0.0
PLPBP,-0.0
RAB11FIP1,0.0
EIF4EBP1,0.0
ASH2L,0.0
BAG4,-0.0
DDHD2,-0.0
PLPP5,-0.0
NSD3,-0.0
TACC1,0.0
PLEKHA2,-0.0
IDO2,-0.0
NUGGC,-0.0
ELP3,0.0
FBXO16,-0.0
EXTL3,0.0
INTS9,0.0
POLB,-0.0
VDAC3,-0.0
SLC20A2,-0.0
SMIM19,0.0
RNF170,-0.0
HOOK3,0.0
FNTA,-0.0
HGSNAT,-0.0
SPIDR,0.0
CEBPD,-0.0
PRKDC,-0.0
UBE2V2,-0.0
NRG1,0.0
FUT10,-0.0
TTI2,0.0
ERLIN2,-0.0
ATP6V1H,0.0
LYPLA1,-0.0
TMEM68,-0.0
TGS1,0.0
LYN,0.0
FAM110B,0.0
UBXN2B,-0.0
CYP7A1,-0.0
SDCBP,0.0
NSMAF,-0.0
RAB2A,-0.0
CHD7,0.0
GOLGA7,-0.0
GPAT4,0.0
KAT6A,-0.0
IKBKB,0.0
YTHDF3,-0.0
CYP7B1,0.0
ARMC1,0.0
MTFR1,-0.0
PDE7A,0.0
TRIM55,0.0
ADHFE1,-0.0
VXN,0.0
VCPIP1,0.0
SGK3,-0.0
COPS5,-0.0
CSPP1,-0.0
MIB2,-0.0
PXDNL,0.0
PCMTD1,-0.0
RB1CC1,-0.0
LACTB2,0.0
XKR9,0.0
TERF1,-0.0
RDH10,-0.0
STAU2,-0.0
UBE2W,-0.0
ELOC,0.0
GDAP1,0.0
HNF4G,-0.0
ZFHX4,-0.0
PEX2,-0.0
IL7,0.0
ASPH,0.0
NKAIN3,0.0
GGH,-0.0
TTPA,-0.0
IMPA1,0.0
SLC10A5,-0.0
ZFAND1,0.0
RALYL,0.0
RBIS,-0.0
CA13,-0.0
CA1,-0.0
CA3,-0.0
CA2,-0.0
WWP1,-0.0
RMDN1,-0.0
CPNE3,0.0
ARFGEF1,-0.0
SULF1,0.0
NCOA2,-0.0
TRAM1,0.0
TMEM64,-0.0
OTUD6B,-0.0
LRRC69,0.0
TRIQK,-0.0
RBM12B,-0.0
VIRMA,-0.0
DPY19L4,-0.0
INTS8,0.0
NDUFAF6,-0.0
TP53INP1,-0.0
PLEKHF2,-0.0
MTERF3,0.0
TPD52,0.0
ZBTB10,-0.0
ZNF704,0.0
PAG1,0.0
LAPTM4B,-0.0
MATN2,0.0
ERICH5,-0.0
RIDA,-0.0
POP1,0.0
NIPAL2,0.0
STK3,0.0
VPS13B,0.0
COX6C,0.0
SPAG1,-0.0
RNF19A,0.0
ANKRD46,-0.0
RIPK2,0.0
OSGIN2,-0.0
NBN,-0.0
DECR1,-0.0
UBR5,-0.0
KLF10,0.0
AZIN1,0.0
ATP6V1C1,-0.0
FZD6,0.0
SLC25A32,-0.0
DCAF13,0.0
DPYS,0.0
ZFPM2,0.0
OXR1,0.0
EIF3E,-0.0
EMC2,0.0
PTDSS1,0.0
SDC2,0.0
CPQ,0.0
MTDH,-0.0
TRPS1,0.0
EIF3H,0.0
UTP23,-0.0
RAD21,0.0
EXT1,0.0
SAMD12,-0.0
MAL2,-0.0
ENPP2,-0.0
TAF2,0.0
DEPTOR,0.0
MTBP,-0.0
SNTB1,0.0
YWHAZ,0.0
ZNF706,0.0
NCALD,-0.0
RRM2B,-0.0
ZHX1,-0.0
ATAD2,0.0
FAM91A1,-0.0
TMEM65,-0.0
TATDN1,-0.0
NDUFB9,0.0
MTSS1,0.0
SQLE,-0.0
WASHC5,0.0
NSMCE2,0.0
TRIB1,0.0
ASAP1,0.0
NUDCD1,-0.0
ENY2,0.0
EBAG9,-0.0
SYBU,-0.0
ZFAT,-0.0
KHDRBS3,0.0
TRAPPC9,0.0
AGO2,0.0
PTK2,0.0
TSNARE1,0.0
JRK,0.0
LYNX1,0.0
LY6E,0.0
ZFP41,-0.0
GLI4,-0.0
TOP1MT,0.0
ZHX2,0.0
DERL1,0.0
TBC1D31,0.0
C8orf76,-0.0
ZNF623,0.0
FAM83H,0.0
SCRIB,0.0
PUF60,-0.0
NRBP2,0.0
PLEC,0.0
PARP10,-0.0
GRINA,0.0
SPATC1,0.0
OPLAH,-0.0
GPAA1,0.0
CYC1,0.0
EFR3A,0.0
PHF20L1,-0.0
NDRG1,0.0
ST3GAL1,0.0
DGAT1,0.0
ADCK5,0.0
CPSF1,-0.0
VPS28,0.0
KIFC2,-0.0
PPP1R16A,-0.0
C8orf82,0.0
ZNF251,0.0
ZNF7,-0.0
ZNF250,-0.0
ZNF16,-0.0
C8orf33,0.0
CDK11B,0.0
GSDMD,0.0
MROH6,-0.0
NAPRT,0.0
SMARCA2,0.0
PUM3,0.0
RFX3,0.0
GLIS3,-0.0
SLC1A1,-0.0
SPATA6L,-0.0
CDC37L1,-0.0
AK3,-0.0
JAK2,-0.0
PLGRKT,-0.0
RIC1,0.0
ERMP1,0.0
KIAA2026,-0.0
SHARPIN,0.0
MROH1,-0.0
HSF1,0.0
GLDC,-0.0
KDM4C,0.0
PTPRD,0.0
LURAP1L,-0.0
MPDZ,0.0
NFIB,0.0
ZDHHC21,-0.0
TTC39B,-0.0
SNAPC3,-0.0
PSIP1,0.0
CCDC171,0.0
CNTLN,-0.0
ADAMTSL1,0.0
HAUS6,-0.0
DOCK8,0.0
KANK1,0.0
FOCAD,0.0
MTAP,0.0
DMRTA1,0.0
CAAP1,0.0
PLAA,-0.0
MOB3B,0.0
C9orf72,-0.0
ACO1,-0.0
TOPORS,0.0
NDUFB6,0.0
APTX,-0.0
DNAJA1,-0.0
SMU1,-0.0
B4GALT1,-0.0
RANBP6,0.0
UHRF2,0.0
AQP7,-0.0
AQP3,-0.0
PRSS3,-0.0
UBE2R2,0.0
UBAP2,0.0
DCAF12,-0.0
UBAP1,-0.0
NUDT2,-0.0
FAM219A,0.0
GALT,0.0
CDK11A,-0.0
VCP,0.0
UNC13B,0.0
RUSC2,0.0
PLIN2,0.0
DENND4C,0.0
RGP1,0.0
HINT2,0.0
TMEM8B,0.0
CLTA,0.0
GNE,-0.0
RNF38,-0.0
ZCCHC7,0.0
GRHPR,0.0
ZBTB5,-0.0
POLR1E,-0.0
FBXO10,-0.0
TRMT10B,-0.0
EXOSC3,0.0
DCAF10,-0.0
CHMP5,0.0
NFX1,0.0
ANKRD18A,0.0
CNTNAP3B,0.0
FXN,0.0
TJP2,-0.0
APBA1,-0.0
PTAR1,0.0
MAMDC2,0.0
SMC5,-0.0
KLF9,0.0
TRPM3,0.0
CEMIP2,0.0
ABHD17B,-0.0
C9orf85,0.0
GDA,-0.0
TLN1,-0.0
GBA2,-0.0
CARNMT1,0.0
NMRK1,0.0
OSTF1,0.0
PCSK5,0.0
VPS13A,0.0
NADK,0.0
GNAQ,0.0
CEP78,0.0
PSAT1,-0.0
TLE4,0.0
TLE1,0.0
FRMD3,0.0
IDNK,0.0
UBQLN1,-0.0
SLC25A51,-0.0
SHB,0.0
HNRNPK,0.0
RMI1,-0.0
AGTPBP1,-0.0
NAA35,-0.0
GOLM1,0.0
ISCA1,0.0
TUT7,-0.0
DAPK1,-0.0
CTSL,-0.0
SPIN1,0.0
SECISBP2,0.0
SEMA4D,0.0
GADD45G,0.0
AUH,-0.0
ZFAND5,-0.0
ALDH1A1,0.0
SPTLC1,0.0
NOL8,0.0
CENPP,0.0
ECM2,0.0
IPPK,-0.0
BICD2,0.0
ZNF484,-0.0
FAM120AOS,0.0
FAM120A,0.0
PHF2,0.0
PTPDC1,0.0
ZNF169,-0.0
MFSD14B,-0.0
FANCC,-0.0
GKAP1,0.0
KIF27,-0.0
ERCC6L2,-0.0
SLC35D2,-0.0
HABP4,0.0
CDC14B,-0.0
ZNF510,-0.0
ZNF782,-0.0
TDRD7,0.0
TMOD1,0.0
TSTD2,-0.0
NCBP1,0.0
XPA,0.0
TRMO,-0.0
ANP32B,-0.0
NANS,0.0
TRIM14,0.0
NFIL3,0.0
PTGR1,-0.0
CORO2A,0.0
TBC1D2,-0.0
ANKS6,0.0
TGFBR1,-0.0
ALG2,0.0
SEC61B,-0.0
STX17,-0.0
ERP44,-0.0
INVS,-0.0
TEX10,-0.0
MSANTD3,-0.0
PLPPR1,0.0
ZNF189,0.0
RNF20,-0.0
PTCH1,0.0
RGS3,0.0
GRIN3A,0.0
NIPSNAP3A,-0.0
ABCA1,-0.0
SLC44A1,0.0
FSD1L,0.0
FKTN,-0.0
TMEM38B,-0.0
RAD23B,0.0
ELP1,0.0
CTNNAL1,-0.0
TMEM245,-0.0
EPB41L4B,0.0
PTPN3,-0.0
ECPAS,0.0
ZNF483,0.0
OTUD3,0.0
DNAJC25,-0.0
SHOC1,0.0
UGCG,-0.0
PTBP3,0.0
HSDL2,0.0
KIAA1958,0.0
INIP,-0.0
SNX30,0.0
FKBP15,0.0
SLC31A1,-0.0
CDC26,-0.0
PRPF4,0.0
WDR31,0.0
HDHD3,0.0
GNB1,0.0
CNTRL,0.0
SPATA21,0.0
NBPF1,0.0
CROCC,0.0
SDHB,0.0
RCC2,0.0
ARHGEF10L,-0.0
ALDH4A1,-0.0
IFFO2,0.0
UBR4,-0.0
EMC1,0.0
MRTO4,0.0
SLC66A1,0.0
CAPZB,0.0
MICOS10,0.0
TMCO4,0.0
ARPC5L,-0.0
GOLGA1,0.0
SCAI,0.0
ZNF618,0.0
AMBP,-0.0
KIF12,0.0
COL27A1,0.0
ORM2,-0.0
AKNA,0.0
WHRN,0.0
ATP6V1G1,0.0
ASTN2,0.0
CDK5RAP2,0.0
MEGF9,-0.0
FBXW2,-0.0
PSMD5,0.0
PRKCZ,0.0
ST6GALNAC6,0.0
SLC25A25,-0.0
RAB14,0.0
GSN,0.0
STOM,0.0
DAB2IP,0.0
TTLL11,0.0
MRRF,-0.0
RC3H2,0.0
RABGAP1,-0.0
STRBP,-0.0
DENND1A,0.0
NEK6,0.0
PSMB7,0.0
NR6A1,0.0
ZER1,-0.0
TBC1D13,0.0
SPOUT1,-0.0
PPP6C,0.0
RABEPK,0.0
HSPA5,-0.0
GAPVD1,-0.0
MAPKAP1,-0.0
PBX3,-0.0
MVB12B,0.0
ZBTB43,-0.0
RALGPS1,-0.0
GARNL3,0.0
LRSAM1,0.0
CDK9,0.0
FPGS,0.0
FNBP1,-0.0
GPR107,-0.0
HMCN2,-0.0
PTGES2,-0.0
CIZ1,0.0
DNM1,-0.0
GOLGA2,-0.0
SWI5,0.0
TRUB2,0.0
COQ4,0.0
SLC27A4,-0.0
URM1,0.0
ODF2,0.0
GLE1,0.0
SPTAN1,0.0
SET,-0.0
TSC1,-0.0
GTF3C5,0.0
RALGDS,0.0
SURF6,0.0
KYAT1,-0.0
LRRC8A,-0.0
PHYHD1,-0.0
NUP188,0.0
SH3GLB2,0.0
MIGA2,0.0
CRAT,0.0
PTPA,0.0
NTMT1,0.0
TOR1B,0.0
C9orf78,0.0
USP20,-0.0
NACC2,0.0
QSOX2,0.0
SNAPC4,-0.0
ENTR1,0.0
FUBP3,-0.0
EXOSC2,0.0
ABL1,0.0
NUP214,0.0
PRRC2B,0.0
POMT1,0.0
UCK1,0.0
RAPGEF1,0.0
MED27,0.0
SETX,-0.0
TTF1,-0.0
DDX31,0.0
LCN12,-0.0
PAXX,-0.0
ABCA2,0.0
MAN1B1,0.0
FAAP20,0.0
SURF4,-0.0
REXO4,0.0
ADAMTS13,0.0
CACFD1,-0.0
NOC2L,0.0
VAV2,0.0
BRD3,0.0
WDR5,0.0
RXRA,0.0
CAMSAP1,0.0
UBAC1,-0.0
DIP2C,0.0
LARP4B,-0.0
GTPBP4,0.0
IDI1,0.0
WDR37,0.0
PMPCA,-0.0
SEC16A,-0.0
NOTCH1,0.0
KLHL21,0.0
AGPAT2,-0.0
RABL6,0.0
PHPT1,-0.0
EDF1,0.0
TRAF2,0.0
FBXW5,-0.0
C8G,-0.0
IL15RA,-0.0
RBM17,0.0
PFKFB3,-0.0
ITIH2,-0.0
KIN,0.0
TPRN,-0.0
TUBB4B,0.0
NELFB,0.0
EXD3,-0.0
NOXA1,-0.0
NSMF,0.0
PNPLA7,0.0
DPH7,-0.0
ARRDC1,0.0
EHMT1,0.0
ZMYND11,0.0
OPTN,0.0
PHYH,0.0
SEPHS1,0.0
BEND7,-0.0
PRPF18,-0.0
PITRM1,0.0
KLF6,-0.0
AKR1C2,-0.0
AKR1C3,0.0
AKR1C4,-0.0
NET1,-0.0
ASB13,-0.0
TASOR2,-0.0
GDI2,0.0
ANKRD16,0.0
FBH1,-0.0
MRC1,-0.0
CACNB2,-0.0
NSUN6,-0.0
ARL5B,-0.0
PLXDC2,0.0
ATP5F1C,-0.0
TAF3,0.0
USP6NL,0.0
ECHDC3,-0.0
PROSER2,0.0
UPF2,-0.0
DHTKD1,-0.0
SEC61A2,-0.0
NUDT5,-0.0
CDC123,-0.0
UBE2J2,-0.0
PDSS1,-0.0
ABI1,-0.0
ANKRD26,-0.0
YME1L1,0.0
MASTL,0.0
FRMD4A,-0.0
FAM107B,0.0
CDNF,0.0
DCLRE1C,-0.0
RPP38,0.0
NMT2,0.0
FAM171A1,0.0
MINDY3,0.0
PTER,0.0
RSU1,0.0
STAM,-0.0
CCDC7,-0.0
ITGB1,0.0
TTTY14,-0.0
PARD3,0.0
CUL2,-0.0
NEBL,0.0
MLLT10,0.0
DNAJC1,-0.0
COMMD3,-0.0
BMI1,-0.0
PIP4K2A,-0.0
MSRB2,0.0
KIAA1217,0.0
ARHGAP21,0.0
ENKUR,-0.0
APBB1IP,-0.0
ZFAND4,0.0
TIMM23,-0.0
NCOA4,-0.0
MAPK8,-0.0
ACBD5,0.0
RAB18,0.0
MPP7,0.0
WAC,-0.0
SVIL,0.0
MTPAP,0.0
ZNF438,0.0
ZEB1,0.0
ARHGAP12,0.0
KIF5B,0.0
EPC1,-0.0
BICC1,0.0
PHYHIPL,0.0
FAM13C,0.0
CCDC6,0.0
CREM,-0.0
CCNY,0.0
ZNF248,0.0
ZNF33A,-0.0
ZNF37A,0.0
ZNF33B,-0.0
BMS1,0.0
CSGALNACT2,0.0
HNRNPF,0.0
RASSF4,0.0
ZNF22,-0.0
HNRNPH3,0.0
RUFY2,0.0
DNA2,-0.0
SLC25A16,-0.0
TET1,-0.0
ERCC6,0.0
OGDHL,-0.0
PARG,-0.0
SGMS1,-0.0
A1CF,-0.0
MBL2,-0.0
IPMK,-0.0
CISD1,0.0
UBE2D1,0.0
TFAM,0.0
EIF4EBP2,0.0
SGPL1,0.0
PCBD1,-0.0
SLC29A3,-0.0
CDH23,-0.0
ARID5B,0.0
NRBF2,-0.0
JMJD1C,-0.0
REEP3,-0.0
LRRTM3,0.0
DNAJC12,-0.0
SIRT1,0.0
HERC4,-0.0
PBLD,-0.0
FAM149B1,-0.0
DNAJC9,-0.0
CFAP70,0.0
ANXA7,-0.0
PPP3CB,0.0
CCAR1,-0.0
DDX50,-0.0
DDX21,0.0
VPS26A,0.0
SUPV3L1,-0.0
HKDC1,0.0
AIFM2,0.0
TYSND1,0.0
SAR1A,0.0
PPA1,0.0
LRRC20,0.0
KCNMA1,-0.0
DLG5,-0.0
POLR3A,0.0
ZMIZ1,0.0
PPIF,-0.0
PSAP,0.0
ASCC1,0.0
ANAPC16,-0.0
DDIT4,-0.0
DNAJB12,0.0
MICU1,0.0
MCU,-0.0
PLA2G12B,-0.0
P4HA1,-0.0
NUDT13,0.0
ECD,0.0
BMPR1A,0.0
GLUD1,0.0
SHLD2,0.0
MINPP1,-0.0
PAPSS2,0.0
USP54,0.0
SEC24C,-0.0
ZSWIM8,0.0
CAMK2G,0.0
VCL,0.0
AP3M1,-0.0
ADK,-0.0
KAT6B,0.0
SAMD8,0.0
VDAC2,0.0
LRMDA,0.0
TNKS2,-0.0
BTAF1,0.0
CPEB3,0.0
IDE,-0.0
HHEX,0.0
ZCCHC24,-0.0
TMEM254,0.0
ANXA11,0.0
MAT1A,-0.0
PRXL2A,0.0
TSPAN14,0.0
NRG3,0.0
GHITM,0.0
CCSER2,-0.0
GRID1,-0.0
WAPL,-0.0
PDLIM1,0.0
SORBS1,-0.0
ALDH18A1,0.0
TCTN3,0.0
CC2D2B,0.0
ATAD1,-0.0
PTEN,-0.0
RNLS,0.0
STAMBPL1,0.0
FAS,0.0
LIPA,-0.0
PANK1,0.0
RPP30,0.0
PCGF5,0.0
HECTD2,0.0
PPP1R3C,0.0
ZDHHC16,0.0
MMS19,-0.0
UBTD1,0.0
HOGA1,-0.0
PI4K2A,0.0
AVPI1,-0.0
ZFYVE27,-0.0
EXOC6,-0.0
FFAR4,-0.0
RBP4,-0.0
FRA10AC1,0.0
SLC35G1,-0.0
PLCE1,0.0
NOC3L,0.0
TBC1D12,0.0
CYP2C8,0.0
DNMBP,0.0
CPN1,-0.0
ERLIN1,0.0
CHUK,-0.0
CWF19L1,-0.0
BLOC1S2,-0.0
SCD,0.0
ZNF518A,0.0
BLNK,-0.0
TM9SF3,-0.0
PIK3AP1,-0.0
LCOR,0.0
ARHGAP19,0.0
RRP12,0.0
PGAM1,0.0
EXOSC1,0.0
ARMH3,0.0
PPRC1,0.0
GBF1,-0.0
ACTR1A,0.0
SUFU,0.0
TRIM8,0.0
SFXN2,0.0
R3HCC1L,0.0
PYROXD2,-0.0
HPS1,0.0
GOT1,0.0
SLC25A28,0.0
ENTPD7,-0.0
CUTC,0.0
COX15,0.0
ABCC2,-0.0
GSTO1,-0.0
GSTO2,0.0
XPNPEP1,-0.0
ADD3,0.0
MXI1,0.0
SMNDC1,0.0
SMC3,0.0
SEC31B,0.0
NDUFB8,-0.0
HIF1AN,0.0
SLF2,0.0
SEMA4G,-0.0
BTRC,0.0
POLL,0.0
FBXW4,0.0
OGA,0.0
HABP2,-0.0
CASP7,0.0
NHLRC2,0.0
CCDC186,-0.0
ABLIM1,0.0
TRUB1,0.0
GFRA1,0.0
HSPA12A,-0.0
WBP1L,0.0
BORCS7,0.0
AS3MT,0.0
CNNM2,0.0
NT5C2,-0.0
PCGF6,-0.0
PDCD11,0.0
SLK,0.0
SFXN4,0.0
PRDX3,0.0
GRK5,0.0
TIAL1,-0.0
BAG3,0.0
INPP5F,0.0
MCMBP,0.0
SEC23IP,0.0
PDCD4,-0.0
BBIP1,-0.0
SHOC2,-0.0
ZDHHC6,-0.0
VTI1A,0.0
TCF7L2,-0.0
PSTK,-0.0
IKZF5,0.0
ACADSB,-0.0
BUB3,0.0
CHST15,0.0
OAT,0.0
LHPP,0.0
FAM53B,0.0
ENO4,0.0
SHTN1,-0.0
PDZD8,0.0
RAB11FIP2,-0.0
FAM204A,-0.0
CACUL1,0.0
EIF3A,0.0
DENND10,-0.0
INSYN2A,0.0
CLRN3,-0.0
MGMT,0.0
C10orf143,-0.0
GLRX3,0.0
PPP2R2D,0.0
INPP5A,0.0
KNDC1,0.0
WDR11,-0.0
FGFR2,-0.0
ATE1,-0.0
NSMCE4A,-0.0
TACC2,0.0
PLEKHA1,0.0
HTRA1,0.0
C10orf88,-0.0
BET1L,0.0
SIRT3,0.0
PSMD13,0.0
PGGHG,-0.0
IFITM2,0.0
IFITM3,-0.0
SIGIRR,-0.0
PTDSS2,0.0
EEF1AKMT2,0.0
ABRAXAS2,0.0
ZRANB1,0.0
EDRF1,0.0
UROS,0.0
BCCIP,0.0
DHX32,0.0
DOCK1,0.0
TALDO1,0.0
GATD1,0.0
PIDD1,0.0
PNPLA2,-0.0
CD151,0.0
TSPAN4,0.0
CHID1,-0.0
AP2A2,-0.0
TUBGCP2,-0.0
PRAP1,0.0
FUOM,0.0
ECHS1,0.0
PAOX,0.0
MTG1,0.0
SCART1,-0.0
ZNF195,0.0
NUP98,-0.0
PGAP2,0.0
STIM1,0.0
RRM1,0.0
TRIM5,-0.0
TRIM22,0.0
ARFIP2,-0.0
RNH1,0.0
LMNTD2,0.0
RASSF7,-0.0
PHRF1,0.0
IRF7,0.0
CDHR5,0.0
DEAF1,0.0
EPS8L2,0.0
TRIM66,-0.0
DENND5A,0.0
TMEM41B,-0.0
ZNF143,0.0
WEE1,-0.0
SWAP70,0.0
SBF2,-0.0
CTR9,-0.0
EIF4G2,0.0
TOLLIP,0.0
MOB2,0.0
IFITM10,0.0
CTSD,0.0
CD81,-0.0
SLC22A18,-0.0
NAP1L4,0.0
RRAS2,-0.0
COPB1,-0.0
PSMA1,-0.0
PDE3B,-0.0
CYP2R1,0.0
CALCB,-0.0
SOX6,-0.0
C11orf58,0.0
PLEKHA7,0.0
DNHD1,-0.0
RRP8,0.0
ILK,0.0
SYT9,0.0
PPFIBP2,-0.0
EIF3F,0.0
RIC3,0.0
TSG101,0.0
UEVLD,-0.0
SPTY2D1,-0.0
NAV2,-0.0
PRMT3,-0.0
ANO5,-0.0
GAS2,-0.0
SVIP,-0.0
LUZP2,0.0
ZBED5,0.0
GALNT18,-0.0
USP47,-0.0
MICAL2,0.0
PARVA,0.0
TEAD1,-0.0
BTBD10,-0.0
IMMP1L,0.0
ELP4,-0.0
RCN1,-0.0
EIF3M,0.0
CCDC73,-0.0
PRRG4,-0.0
QSER1,-0.0
DEPDC7,0.0
TCP11L1,0.0
PIK3C2A,-0.0
NUCB2,0.0
KCNC1,-0.0
SERGEF,0.0
SAA4,-0.0
HPS5,-0.0
GTF2H1,-0.0
ABTB2,0.0
CAT,-0.0
APIP,0.0
PDHX,-0.0
SLC1A2,0.0
TRIM44,0.0
TRAF6,-0.0
API5,-0.0
TTC17,-0.0
HSD17B12,-0.0
LGR4,-0.0
LIN7C,0.0
METTL15,0.0
ARL14EP,0.0
DCDC1,-0.0
DNAJC24,0.0
CRY2,-0.0
PEX16,0.0
PHF21A,0.0
DGKZ,0.0
AMBRA1,-0.0
ATG13,0.0
ARHGAP1,0.0
F2,-0.0
CKAP5,0.0
ARFGAP2,-0.0
CSTF3,0.0
HIPK3,0.0
CD59,0.0
FBXO3,-0.0
CAPRIN1,-0.0
NAT10,0.0
MTCH2,-0.0
AGBL2,-0.0
FNBP4,-0.0
NUP160,-0.0
PTPRJ,-0.0
FOLH1,-0.0
TNKS1BP1,-0.0
SLC43A1,-0.0
SERPING1,-0.0
ZDHHC5,-0.0
ALKBH3,-0.0
ACCS,0.0
EXT2,0.0
CD82,-0.0
PRDM11,0.0
SLC35C1,0.0
ZFP91,0.0
GLYAT,-0.0
GLYATL1,-0.0
FAM111A,0.0
DTX4,0.0
OSBP,0.0
PATL1,0.0
STX3,0.0
PRPF19,0.0
VPS37C,0.0
VWCE,-0.0
DDB1,0.0
DDB2,0.0
NR1H3,-0.0
MADD,0.0
PSMC3,0.0
SDHAF2,0.0
MYRF,-0.0
TMEM258,0.0
FADS2,0.0
FADS1,0.0
FADS3,0.0
AHNAK,0.0
EEF1G,0.0
TUT1,-0.0
B3GAT3,0.0
GANAB,-0.0
TMX2,0.0
SELENOH,-0.0
CTNND1,0.0
LPXN,-0.0
TTC9C,0.0
TAF6L,-0.0
TMEM179B,0.0
NXF1,-0.0
STX5,-0.0
WDR74,0.0
SLC3A2,0.0
SLC22A9,0.0
PLAAT3,0.0
ATL3,-0.0
RTN3,0.0
MARK2,0.0
TKFC,0.0
TMEM138,-0.0
CPSF7,0.0
MACROD1,0.0
FLRT1,0.0
STIP1,0.0
GPR137,-0.0
ESRRA,-0.0
SF1,-0.0
EHD1,0.0
ATG2A,0.0
PPP2R5B,0.0
VPS51,0.0
TM7SF2,-0.0
SYVN1,0.0
CAPN1,0.0
POLA2,0.0
BSCL2,-0.0
HNRNPUL2,0.0
FRMD8,-0.0
SCYL1,0.0
LTBP3,0.0
MAP3K11,0.0
RELA,0.0
KAT5,0.0
MUS81,0.0
SART1,0.0
SF3B2,0.0
PACS1,0.0
SLC29A2,-0.0
BBS1,0.0
CCS,0.0
NAA40,-0.0
OTUB1,0.0
RBM4B,0.0
SPTBN2,0.0
C11orf80,0.0
PC,0.0
SYT12,-0.0
RHOD,0.0
KDM2A,0.0
GRK2,-0.0
ANKRD13D,0.0
RAD9A,-0.0
POLD4,0.0
PPP1CA,0.0
TMEM134,0.0
NDUFV1,0.0
DPF2,0.0
SLC25A45,-0.0
CHKA,0.0
KMT5B,-0.0
C11orf24,0.0
LRP5,0.0
PPP6R3,-0.0
CPT1A,-0.0
TPCN2,-0.0
CCND1,0.0
LTO1,-0.0
ANO1,-0.0
CTTN,0.0
SHANK2,-0.0
DHCR7,-0.0
RNF121,-0.0
RBM14,-0.0
RBM4,0.0
INPPL1,0.0
CLPB,0.0
ARAP1,0.0
STARD10,0.0
ATG16L2,0.0
FCHSD2,0.0
FAM168A,0.0
RAB6A,-0.0
COA4,-0.0
PAAF1,0.0
C2CD3,-0.0
PPME1,-0.0
P4HA3,0.0
POLD3,-0.0
NDUFS8,0.0
TCIRG1,-0.0
SPCS2,0.0
NEU3,0.0
SLCO2B1,-0.0
ARRB1,0.0
MOGAT2,-0.0
DGAT2,-0.0
UVRAG,-0.0
THAP12,0.0
EMSY,-0.0
TSKU,0.0
ACER3,0.0
CAPN5,-0.0
GDPD4,-0.0
PAK1,0.0
NUMA1,0.0
LAMTOR1,0.0
RSF1,0.0
AAMDC,0.0
INTS4,0.0
THRSP,0.0
NDUFC2,0.0
ALG8,0.0
KCTD21,-0.0
USP35,-0.0
GAB2,0.0
NARS2,0.0
PRCP,0.0
RAB30,0.0
PCF11,0.0
ANKRD42,-0.0
RNF169,0.0
XRRA1,0.0
TMEM126B,-0.0
CREBZF,0.0
PICALM,-0.0
EED,-0.0
HIKESHI,0.0
ME3,0.0
PRSS23,0.0
FZD4,0.0
TMEM135,0.0
CHORDC1,0.0
SLC36A4,-0.0
DEUP1,0.0
SMCO4,-0.0
CEP295,-0.0
CLNS1A,0.0
AQP11,-0.0
C11orf54,-0.0
MED17,0.0
PANX1,0.0
MRE11,0.0
ANKRD49,0.0
CWC15,0.0
SESN3,0.0
FAM76B,-0.0
CEP57,-0.0
MTMR2,0.0
MAML2,0.0
CCDC82,-0.0
ARHGAP42,-0.0
YAP1,0.0
CCDC90B,-0.0
DLG2,0.0
TMEM123,-0.0
DCUN1D5,-0.0
DYNC2H1,0.0
CASP4,0.0
AASDHPPT,-0.0
CWF19L2,-0.0
ALKBH8,-0.0
CUL5,-0.0
ACAT1,-0.0
NPAT,-0.0
ATM,-0.0
C11orf65,0.0
POGLUT3,0.0
EXPH5,0.0
DDX10,0.0
TAF1D,-0.0
ZC3H12C,0.0
FDX1,0.0
ARHGAP20,0.0
SIK2,0.0
PPP2R1B,-0.0
ALG9,0.0
DIXDC1,0.0
DLAT,-0.0
NKAPD1,0.0
IL18,0.0
PTS,0.0
TTC12,-0.0
ZW10,-0.0
USP28,0.0
BIRC2,-0.0
VPS11,0.0
ZBTB16,0.0
RBM7,0.0
REXO2,0.0
CADM1,-0.0
BUD13,-0.0
ZPR1,-0.0
APOA5,0.0
APOC3,-0.0
SIK3,-0.0
PAFAH1B2,-0.0
SIDT2,0.0
PCSK7,-0.0
RNF214,0.0
BACE1,0.0
RDX,0.0
FBXO42,0.0
SZRD1,0.0
CEP164,0.0
MPZL3,-0.0
MPZL2,-0.0
UBE4A,-0.0
ATP5MG,0.0
KMT2A,-0.0
TTC36,0.0
TMEM25,-0.0
IFT46,-0.0
ARCN1,0.0
DDX6,-0.0
TRAPPC4,-0.0
HYOU1,-0.0
CCDC15,-0.0
FEZ1,0.0
VPS13D,-0.0
DHRS3,0.0
PRDM2,0.0
KAZN,0.0
CASP9,0.0
DNAJC16,-0.0
AGMAT,-0.0
DDI2,-0.0
PLEKHM2,0.0
TMEM82,-0.0
FBLIM1,0.0
SPEN,0.0
ZBTB17,0.0
EPHA2,0.0
ETS1,0.0
FLI1,0.0
ARHGAP32,0.0
HINFP,0.0
NLRX1,0.0
CBL,0.0
USP2,-0.0
TRIM29,-0.0
OAF,-0.0
ARHGEF12,0.0
TBCEL,0.0
SC5D,-0.0
HSPA8,0.0
TBRG1,0.0
SIAE,-0.0
MSANTD2,0.0
NINJ2,-0.0
WNK1,0.0
RAD52,-0.0
EI24,-0.0
STT3A,-0.0
HYLS1,-0.0
PUS3,-0.0
CDON,-0.0
RPUSD4,-0.0
FAM118B,-0.0
SRPRA,-0.0
FOXRED1,0.0
TIRAP,-0.0
ST3GAL4,0.0
KIRREL3,0.0
PLEKHG6,-0.0
TNFRSF1A,0.0
LTBR,0.0
TMEM45B,-0.0
NFRKB,0.0
PRDM10,-0.0
APLP2,0.0
ZBTB44,0.0
SNX19,0.0
NCAPD3,0.0
VPS26B,0.0
ACAD8,-0.0
SLC6A12,0.0
SLC6A13,0.0
KDM5A,0.0
CCDC77,0.0
PHB2,0.0
EMG1,-0.0
LPCAT3,0.0
ERC1,0.0
ADIPOR2,-0.0
DCP1B,-0.0
CACNA1C,0.0
ITFG2,-0.0
TULP3,0.0
TSPAN9,0.0
PARP11,-0.0
TIGAR,0.0
C12orf4,-0.0
NDUFA9,0.0
NTF3,-0.0
CD9,0.0
KLRD1,0.0
YBX3,0.0
SMIM10L1,-0.0
TAPBPL,-0.0
NCAPD2,0.0
IFFO1,0.0
NOP2,0.0
CHD4,0.0
ING4,0.0
ZNF384,0.0
COPS7A,0.0
MLF2,-0.0
PTMS,0.0
LAG3,-0.0
ATN1,0.0
PTPN6,0.0
EPS8,0.0
STRAP,0.0
DERA,-0.0
C1S,-0.0
C1R,-0.0
C1RL,-0.0
RBP5,0.0
CLSTN3,-0.0
PEX5,-0.0
CD163,0.0
SLC2A14,0.0
NECAP1,-0.0
M6PR,0.0
A2M,-0.0
PZP,0.0
GABARAPL1,-0.0
GOLT1B,0.0
SPX,-0.0
GYS2,-0.0
PRB1,-0.0
ETV6,0.0
LRP6,-0.0
MANSC1,0.0
BORCS5,-0.0
DUSP16,-0.0
CREBL2,0.0
HEBP1,0.0
GRIN2B,-0.0
ATF7IP,-0.0
WBP11,0.0
C12orf60,-0.0
ART4,-0.0
MED21,-0.0
STK38L,-0.0
PPFIBP1,-0.0
MGST1,0.0
LMO3,0.0
RERGL,0.0
PIK3C2G,-0.0
PLCZ1,-0.0
PLEKHA5,0.0
AEBP2,-0.0
SLCO1B1,-0.0
IAPP,-0.0
PYROXD1,-0.0
RECQL,0.0
BICD1,0.0
FGD4,-0.0
DNM1L,0.0
LDHB,0.0
KCNJ8,-0.0
ABCC9,0.0
CMAS,-0.0
C2CD5,0.0
ETNK1,-0.0
SOX5,0.0
KRAS,-0.0
RASSF8,0.0
INTS13,-0.0
FGFR1OP2,0.0
TM7SF3,0.0
TMEM117,0.0
ANO6,0.0
ARID2,-0.0
KLHL42,-0.0
CCDC91,0.0
FAR2,0.0
ERGIC2,0.0
TMTC1,0.0
IPO8,-0.0
CAPRIN2,-0.0
DDX11,-0.0
SINHCAF,-0.0
DENND5B,-0.0
ETFBKMT,0.0
AMN1,0.0
RESF1,0.0
RND1,-0.0
PRKAG1,0.0
KMT2D,-0.0
YARS2,0.0
PKP2,0.0
CPNE8,-0.0
KIF21A,0.0
C12orf40,-0.0
SLC2A13,0.0
LRRK2,-0.0
GXYLT1,-0.0
YAF2,0.0
PPHLN1,0.0
ZCRB1,0.0
PUS7L,0.0
IRAK4,-0.0
FAM186A,0.0
LARP4,-0.0
DIP2B,-0.0
ATF1,-0.0
SCAF11,0.0
SLC38A1,0.0
SLC38A2,-0.0
PCED1B,0.0
RPAP3,-0.0
SENP1,-0.0
ASB8,-0.0
ZNF641,-0.0
KANSL2,0.0
CCNT1,-0.0
ADCY6,0.0
DDX23,0.0
CSAD,0.0
ZNF740,-0.0
PFDN5,-0.0
AAAS,0.0
SP1,0.0
LMBR1L,0.0
TUBA1C,0.0
SPATS2,0.0
PRPF40B,-0.0
TMBIM6,0.0
NCKAP5L,0.0
SMARCD1,0.0
GPD1,0.0
COX14,-0.0
CERS5,0.0
LIMA1,0.0
SARNP,0.0
PYM1,0.0
RAB5B,-0.0
SUOX,-0.0
IKZF4,0.0
METTL7A,0.0
SLC11A2,0.0
LETMD1,0.0
TFCP2,0.0
DAZAP2,0.0
SCN8A,0.0
ACVR1B,-0.0
KRT8,0.0
KRT18,0.0
EIF4B,0.0
TNS2,0.0
CNPY2,0.0
PAN2,-0.0
APOF,-0.0
TIMELESS,0.0
SPRYD4,-0.0
PCBP2,-0.0
ATF7,0.0
ATP5MC2,0.0
CALCOCO1,0.0
SMUG1,-0.0
CBX5,0.0
ITGA5,-0.0
METTL7B,-0.0
ITGA7,0.0
RDH5,0.0
SHMT2,0.0
STAC3,0.0
R3HDM2,-0.0
INHBC,-0.0
INHBE,-0.0
DDIT3,0.0
ERBB3,-0.0
PA2G4,0.0
ESYT1,0.0
MYL6,0.0
SMARCC2,0.0
RNF41,0.0
SLC39A5,0.0
ANKRD52,0.0
COQ10A,-0.0
CS,0.0
USP15,-0.0
MON2,-0.0
PPM1H,-0.0
RXYLT1,0.0
SRGAP1,0.0
XPOT,-0.0
TBK1,0.0
BAZ2A,0.0
ATP5F1B,-0.0
PTGES3,-0.0
HSD17B6,-0.0
RDH16,-0.0
NEMP1,0.0
NAB2,-0.0
LRP1,0.0
CPM,-0.0
CPSF6,0.0
FRS2,0.0
CCT2,0.0
RAB3IP,-0.0
CNOT2,0.0
PTPRB,0.0
MBD6,0.0
DCTN2,0.0
OS9,0.0
TSFM,0.0
AVIL,0.0
CTDSP2,-0.0
LRIG3,-0.0
TAFA2,0.0
KRR1,-0.0
PHLDA1,0.0
OSBPL8,-0.0
ZDHHC17,-0.0
PAWR,0.0
PPP1R12A,-0.0
LIN7A,0.0
RASSF3,0.0
GNS,-0.0
LEMD3,-0.0
TMBIM4,-0.0
HELB,0.0
CAND1,-0.0
NUP107,0.0
SLC35E3,0.0
MDM2,-0.0
ATP2B1,-0.0
BTG1,-0.0
EEA1,0.0
UBE2N,-0.0
SOCS2,0.0
CRADD,-0.0
PLXNC1,0.0
ZFC3H1,0.0
TMEM19,0.0
RAB21,0.0
TBC1D15,0.0
TRHDE,0.0
ATXN7L3B,0.0
CAPS2,-0.0
GLIPR1L1,0.0
NTN4,0.0
SNRPF,0.0
CCDC38,-0.0
LTA4H,0.0
ELK3,0.0
CDK17,-0.0
NEDD1,0.0
CCDC59,0.0
METTL25,0.0
TMTC2,-0.0
C12orf29,0.0
CEP290,-0.0
TMTC3,-0.0
DUSP6,0.0
POC1B,0.0
NR1H4,-0.0
UTP20,0.0
ARL1,-0.0
CHPT1,-0.0
SYCP3,-0.0
GNPTAB,0.0
WASHC3,-0.0
NUP37,-0.0
IGF1,0.0
CEP83,-0.0
TMCC3,0.0
NDUFA12,0.0
NR2C1,-0.0
FGD6,0.0
VEZT,-0.0
METAP2,0.0
TXNRD1,0.0
CHST11,0.0
SLC41A2,-0.0
WASHC4,-0.0
APPL2,0.0
NUAK1,0.0
POLR3B,-0.0
RIC8B,0.0
TMEM263,-0.0
TMPO,0.0
SLC25A3,-0.0
APAF1,0.0
ANKS1B,0.0
ACTR6,-0.0
DEPDC4,0.0
SCYL2,-0.0
CORO1C,0.0
SSH1,0.0
DAO,0.0
USP30,0.0
ALKBH2,0.0
UBE3B,0.0
MMAB,0.0
MVK,0.0
TRPV4,-0.0
TCHP,0.0
STAB2,0.0
NT5DC3,-0.0
HSP90B1,-0.0
TDG,-0.0
HCFC2,-0.0
NFYB,0.0
ATP2A2,-0.0
ANAPC7,-0.0
ARPC3,-0.0
VPS29,0.0
PPTC7,0.0
TCTN1,0.0
PPP1CC,-0.0
SH2B3,0.0
ATXN2,-0.0
BRAP,0.0
ACAD10,-0.0
MTERF2,-0.0
CRY1,-0.0
PWP1,0.0
PRDM4,-0.0
SART3,0.0
TMEM116,0.0
ERP29,0.0
NAA25,-0.0
TRAFD1,0.0
HECTD4,0.0
PTPN11,0.0
OAS1,0.0
DTX1,0.0
DDX54,0.0
TPCN1,-0.0
SLC8B1,-0.0
PLBD2,0.0
GIT2,0.0
ANKRD13A,0.0
C12orf76,-0.0
IFT81,0.0
MED13L,-0.0
FBXW8,0.0
FBXO21,0.0
RFC5,-0.0
WSB2,0.0
VSIG10,0.0
PEBP1,0.0
TAOK3,0.0
SUDS3,0.0
PRKAB1,0.0
BICDL1,0.0
RAB35,0.0
GCN1,0.0
PXN,0.0
ALDH2,0.0
MAPKAPK5,-0.0
DYNLL1,-0.0
COQ5,0.0
RNF10,0.0
POP5,0.0
MLEC,-0.0
ACADS,0.0
SPPL3,-0.0
HNF1A,-0.0
P2RX7,-0.0
P2RX4,0.0
CAMKK2,0.0
ANAPC5,-0.0
RNF34,0.0
KDM2B,0.0
RBM19,0.0
HPD,0.0
PSMD9,0.0
BCL7A,0.0
MLXIP,0.0
VPS33A,0.0
CLIP1,0.0
ZCCHC8,-0.0
RSRC2,0.0
KNTC1,0.0
DENR,0.0
HIP1R,0.0
VPS37B,0.0
ARL6IP4,0.0
PITPNM2,0.0
GATC,0.0
SRSF9,0.0
KMT5A,0.0
SNRNP35,0.0
RILPL1,0.0
TMED2,-0.0
DDX55,0.0
EIF2B1,0.0
GTF2H3,0.0
ATP6V0A2,-0.0
CCDC92,0.0
RFLNA,-0.0
NCOR2,0.0
SCARB1,-0.0
UBC,0.0
DHX37,0.0
TMEM120B,0.0
SETD1B,0.0
SLC15A4,-0.0
GLT1D1,-0.0
STX2,0.0
ADGRD1,-0.0
SFSWAP,0.0
ULK1,-0.0
PUS1,0.0
EP400,0.0
DDX51,0.0
FBRSL1,0.0
LRCOL1,0.0
POLE,0.0
PXMP2,-0.0
ANKLE2,0.0
MPHOSPH9,-0.0
SBNO1,-0.0
ZNF605,-0.0
ZNF26,-0.0
ZNF84,0.0
ZNF140,-0.0
ZNF891,0.0
ZNF10,0.0
ZNF268,0.0
MPHOSPH8,0.0
PSPC1,0.0
ZMYM5,-0.0
ZMYM2,-0.0
CRYL1,0.0
IFT88,-0.0
EEF1AKMT1,0.0
BRI3BP,0.0
AACS,0.0
ZDHHC20,0.0
MICU2,-0.0
MIPEP,-0.0
SPATA13,-0.0
PARP4,0.0
CENPJ,0.0
MTMR6,-0.0
NUP58,0.0
CDK8,-0.0
WASF3,0.0
USP12,0.0
GTF3A,-0.0
MTIF3,-0.0
LNX2,-0.0
GOLGA3,-0.0
CHFR,-0.0
POMP,-0.0
SLC46A3,-0.0
MTUS2,-0.0
SLC7A1,0.0
UBL3,-0.0
KATNAL1,0.0
USPL1,-0.0
HSPH1,0.0
B3GLCT,-0.0
FRY,0.0
N4BP2L1,-0.0
N4BP2L2,0.0
PDS5B,0.0
STARD13,-0.0
XPO4,0.0
LATS2,0.0
SPART,-0.0
RFXAP,0.0
ALG5,-0.0
EXOSC8,0.0
SUPT20H,0.0
UFM1,-0.0
FREM2,0.0
PROSER1,0.0
NHLRC3,-0.0
COG6,-0.0
FOXO1,-0.0
ELF1,-0.0
WBP4,0.0
MTRF1,0.0
POLR1D,0.0
PAN3,-0.0
NAA16,-0.0
VWA8,0.0
DGKH,0.0
AKAP11,0.0
EPSTI1,0.0
DNAJC15,0.0
CCDC122,0.0
TSC22D1,0.0
NUFIP1,0.0
GPALPP1,0.0
GTF2F2,0.0
SLC25A30,0.0
COG3,0.0
ZC3H13,-0.0
LRCH1,0.0
RFC3,0.0
ESD,-0.0
HTR2A,-0.0
SUCLA2,0.0
MED4,0.0
ITM2B,0.0
RB1,0.0
LPAR6,0.0
RCBTB2,0.0
FNDC3A,-0.0
CDADC1,-0.0
CAB39L,-0.0
SETDB2,-0.0
PHF11,0.0
RCBTB1,0.0
EBPL,0.0
KPNA3,0.0
SPRYD7,-0.0
TRIM13,0.0
RNASEH2B,-0.0
INTS6,-0.0
WDFY2,-0.0
DHRS12,0.0
ATP7B,0.0
ALG11,0.0
NEK3,0.0
VPS36,0.0
SUGT1,0.0
TDRD3,0.0
PCDH9,-0.0
DIS3,-0.0
PIBF1,-0.0
KLF12,-0.0
TBC1D4,0.0
UCHL3,-0.0
LMO7,-0.0
CLN5,-0.0
FBXL3,-0.0
MYCBP2,-0.0
SLAIN1,0.0
OBI1,-0.0
RBM26,-0.0
NDFIP2,-0.0
GPC5,-0.0
GPC6,-0.0
TGDS,-0.0
GPR180,-0.0
ABCC4,-0.0
DNAJC3,-0.0
MCF2L,0.0
UGGT2,-0.0
MBNL2,-0.0
IPO5,0.0
FARP1,0.0
STK24,0.0
SLC15A1,0.0
DOCK9,0.0
UBAC2,-0.0
TM9SF2,-0.0
CLYBL,0.0
TMTC4,0.0
FGF14,0.0
TPP2,0.0
TEX30,0.0
BIVM,-0.0
TTC5,0.0
ERCC5,0.0
ARGLU1,0.0
LIG4,-0.0
ABHD13,-0.0
TNFSF13B,-0.0
MYO16,-0.0
IRS2,-0.0
RAB20,-0.0
NAXD,-0.0
CARS2,-0.0
ANKRD10,-0.0
ARHGEF7,0.0
SPACA7,0.0
TUBGCP3,-0.0
ATP11A,0.0
TOX4,0.0
F7,-0.0
F10,0.0
PCID2,0.0
CUL4A,-0.0
LAMP1,0.0
GRTP1,-0.0
DCUN1D2,-0.0
TMCO3,0.0
TFDP1,-0.0
GAS6,0.0
CDC16,-0.0
UPF3A,-0.0
CHAMP1,0.0
NRL,-0.0
CCNB1IP1,-0.0
PARP2,0.0
TEP1,-0.0
OSGEP,-0.0
APEX1,0.0
ANG,-0.0
RNASE4,0.0
METTL17,0.0
NDRG2,0.0
TPPP2,0.0
ARHGEF40,0.0
HNRNPC,-0.0
SUPT16H,0.0
CHD8,0.0
RAB2B,0.0
SCFD1,-0.0
METTL3,0.0
DAD1,0.0
OXA1L,-0.0
RBM23,0.0
HAUS4,0.0
AJUBA,0.0
C14orf93,0.0
PSMB5,-0.0
ACIN1,0.0
C14orf119,0.0
HOMEZ,-0.0
PPP1R3E,0.0
BCL2L2,0.0
NGDN,0.0
DHRS4,-0.0
PPP2R3C,0.0
PCK2,-0.0
DCAF11,-0.0
PSME1,0.0
PSME2,-0.0
RNF31,-0.0
IRF9,-0.0
CHMP4A,0.0
NEDD8,0.0
DHRS1,-0.0
LTB4R,0.0
KHNYN,0.0
SDR39U1,0.0
STXBP6,0.0
PRKD1,-0.0
G2E3,-0.0
TOGARAM1,0.0
STRN3,-0.0
AP4S1,-0.0
HECTD1,-0.0
HEATR5A,0.0
DTD2,0.0
NUBPL,0.0
ARHGAP5,-0.0
AKAP6,0.0
EGLN3,0.0
EAPP,0.0
SNX6,0.0
CFL2,-0.0
BAZ1A,0.0
SRP54,-0.0
FAM177A1,0.0
CDKL1,0.0
MAP4K5,0.0
PRORP,0.0
RALGAPA1,0.0
BRMS1L,-0.0
MBIP,0.0
SLC25A21,0.0
MIPOL1,0.0
FOXA1,0.0
TTC6,0.0
SEC23A,0.0
TRAPPC6B,-0.0
PNN,-0.0
MIA2,0.0
FBXO33,0.0
KLHL28,-0.0
SAMD4A,-0.0
GCH1,-0.0
PRPF39,-0.0
FKBP3,-0.0
FANCM,0.0
MIS18BP1,-0.0
LRR1,0.0
DNAAF2,0.0
POLE2,0.0
KLHDC1,-0.0
KLHDC2,-0.0
NEMF,-0.0
VCPKMT,-0.0
SOS2,-0.0
L2HGDH,-0.0
DMAC2L,0.0
TIMM9,0.0
KIAA0586,-0.0
SAV1,0.0
NIN,0.0
PYGL,0.0
TMX1,-0.0
FRMD6,0.0
TXNDC16,0.0
GPR137C,0.0
ERO1A,0.0
PSMC6,0.0
STYX,-0.0
GNPNAT1,-0.0
FERMT2,-0.0
DDHD1,0.0
CNIH1,0.0
WDR89,-0.0
SGPP1,0.0
SOCS4,-0.0
MAPK1IP1L,0.0
FBXO34,0.0
ATG14,0.0
KTN1,-0.0
TMEM260,-0.0
EXOC5,-0.0
AP5M1,0.0
NAA30,0.0
CCDC198,0.0
ARMH4,-0.0
ACTR10,-0.0
PSMA3,0.0
ARID4A,-0.0
EIF2S1,0.0
PIGH,-0.0
DAAM1,0.0
GPR135,0.0
L3HYPDH,-0.0
JKAMP,0.0
RTN1,0.0
LRRC9,-0.0
PCNX4,0.0
PPM1A,-0.0
MNAT1,-0.0
SLC38A6,0.0
PRKCH,0.0
HIF1A,0.0
SNAPC1,0.0
PPP2R5E,-0.0
COX16,0.0
SYNJ2BP,-0.0
SYNE2,-0.0
MTHFD1,0.0
ZBTB25,0.0
ZBTB1,0.0
PLEKHG3,0.0
CHURC1,0.0
GPX2,0.0
RAB15,0.0
FNTB,0.0
MAX,0.0
FUT8,0.0
CCDC196,0.0
ATP6V1D,0.0
ENTPD5,-0.0
BBOF1,0.0
VTI1B,0.0
RDH11,-0.0
ZFYVE26,0.0
RAD51B,-0.0
ZFP36L1,0.0
ACTN1,0.0
DCAF5,-0.0
EXD2,-0.0
ERH,0.0
SLC39A9,0.0
SUSD6,-0.0
SRSF5,-0.0
SLC10A1,-0.0
SMOC1,-0.0
TTLL5,0.0
ERG28,0.0
MED6,-0.0
MAP3K9,0.0
PCNX1,-0.0
SIPA1L1,-0.0
DPF3,0.0
ZFYVE1,0.0
RBM25,-0.0
PSEN1,-0.0
NUMB,0.0
HEATR4,-0.0
DNAL1,0.0
PTGR2,-0.0
ZNF410,-0.0
COQ6,0.0
NRXN3,0.0
CEP128,0.0
ALDH6A1,-0.0
LIN52,-0.0
ABCD4,0.0
AREL1,0.0
FCF1,-0.0
DLST,0.0
MLH3,0.0
ACYP1,0.0
ZC2HC1C,0.0
NEK9,0.0
TMED10,-0.0
FOS,-0.0
JDP2,0.0
FLVCR2,0.0
CALM1,0.0
TTC7B,0.0
IFT43,0.0
GPATCH2L,0.0
ANGEL1,-0.0
CIPC,-0.0
POMT2,0.0
GSTZ1,0.0
TMED8,0.0
NOXRED1,-0.0
VIPAS39,0.0
AHSA1,0.0
SPTLC2,0.0
ALKBH1,-0.0
SLIRP,0.0
SNW1,-0.0
UNC79,0.0
DDX24,0.0
TSHR,-0.0
GTF2A1,-0.0
STON2,0.0
SEL1L,-0.0
GALC,0.0
SPATA7,0.0
PTPN21,-0.0
ZC3H14,-0.0
TTC8,0.0
FOXN3,0.0
EFCAB11,0.0
TDP1,0.0
PSMC1,0.0
NRDE2,-0.0
MFN2,0.0
TNFRSF1B,0.0
DGLUCY,-0.0
CCDC88C,0.0
PPP4R3A,-0.0
CATSPERB,0.0
TRIP11,-0.0
ATXN3,-0.0
NDUFB1,-0.0
CPSF2,-0.0
RIN3,0.0
LGMN,0.0
GOLGA5,0.0
ITPK1,-0.0
UBR7,0.0
BTBD7,-0.0
SETD3,0.0
CCNK,0.0
DFFA,0.0
PEX14,0.0
CASZ1,-0.0
MASP2,0.0
SRM,0.0
EXOSC10,0.0
MTOR,-0.0
UBIAD1,0.0
FBXO2,0.0
FBXO44,0.0
MTHFR,0.0
CLCN6,0.0
KIAA2013,0.0
PLOD1,0.0
CINP,-0.0
TECPR2,-0.0
RCOR1,-0.0
SERPINA10,-0.0
SERPINA6,-0.0
SERPINA1,-0.0
SERPINA11,-0.0
SERPINA4,-0.0
SERPINA5,0.0
DICER1,-0.0
CLMN,0.0
SYNE3,0.0
GLRX5,0.0
ATG2B,-0.0
PAPOLA,0.0
VRK1,-0.0
AKT1,0.0
CEP170B,0.0
BRF1,0.0
CCDC85C,0.0
CYP46A1,-0.0
YY1,0.0
SLC25A29,0.0
SLC25A47,-0.0
WDR25,0.0
PPP2R5C,-0.0
DYNC1H1,0.0
HSP90AA1,0.0
WDR20,-0.0
MOK,-0.0
ZNF839,0.0
TJP1,0.0
FAN1,0.0
MTMR10,-0.0
KLF13,-0.0
OTUD7A,0.0
TRAF3,0.0
CDC42BPB,0.0
EXOC3L4,-0.0
TNFAIP2,0.0
EIF5,0.0
MARK3,0.0
KLC1,0.0
ZFYVE21,0.0
PPP1R13B,0.0
SIVA1,0.0
MEIS2,0.0
SPRED1,0.0
FAM98B,-0.0
LINC02694,0.0
EIF2AK4,-0.0
PACS2,0.0
MTA1,0.0
NIPA1,0.0
NIPA2,-0.0
CYFIP1,0.0
TUBGCP5,-0.0
UBE3A,0.0
GABRB3,0.0
HERC2,0.0
GOLGA8M,-0.0
NDUFAF1,0.0
RTF1,0.0
RPAP1,0.0
MGA,0.0
MAPKBP1,0.0
PLA2G4B,0.0
RYR3,0.0
AVEN,-0.0
CHRM5,-0.0
EMC7,0.0
KATNBL1,-0.0
SLC12A6,0.0
GOLGA8B,0.0
AQR,0.0
ZNF770,0.0
DPH6,0.0
CCNDBP1,0.0
ADAL,-0.0
ZSCAN29,-0.0
TUBGCP4,0.0
TP53BP1,-0.0
PPIP5K1,-0.0
IVD,-0.0
BAHD1,0.0
CCDC32,-0.0
KNL1,-0.0
RMDN3,-0.0
ZFYVE19,-0.0
INO80,0.0
CHP1,0.0
OIP5,0.0
NUSAP1,0.0
SHF,0.0
GATM,-0.0
SPATA5L1,0.0
BLOC1S6,-0.0
SQOR,0.0
SEMA6D,0.0
EHD4,0.0
VPS39,-0.0
TMEM87A,-0.0
GANC,-0.0
CAPN3,-0.0
ZNF106,0.0
SNAP23,0.0
HAUS2,0.0
TTBK2,0.0
TMEM62,0.0
GABPB1,-0.0
USP8,-0.0
USP50,-0.0
TRPM7,0.0
SPPL2A,-0.0
AP4E1,0.0
CATSPER2,0.0
PDIA3,-0.0
SERF2,0.0
MFAP1,0.0
CTDSPL2,0.0
EIF3J,-0.0
SPG11,0.0
PATL2,0.0
B2M,0.0
SORD,0.0
RSL24D1,0.0
RAB27A,-0.0
PIGB,-0.0
CCPG1,-0.0
NEDD4,0.0
RFX7,-0.0
DUT,0.0
CEP152,0.0
EID1,0.0
SECISBP2L,-0.0
COPS2,0.0
GALK2,-0.0
FAM227B,-0.0
DTWD1,-0.0
ATP8B4,0.0
SLC27A2,-0.0
MYO1E,-0.0
FAM81A,0.0
GTF2A2,-0.0
BNIP2,-0.0
ANXA2,0.0
ICE2,0.0
DMXL2,-0.0
TMOD3,0.0
LEO1,0.0
MAPK6,-0.0
GNB5,0.0
MYO5C,0.0
MYO5A,0.0
ARPP19,0.0
ONECUT1,0.0
WDR72,-0.0
CIAO2A,-0.0
SNX1,-0.0
PPIB,-0.0
CSNK1G1,0.0
TRIP4,0.0
ZNF609,0.0
OAZ2,0.0
ZNF280D,-0.0
TCF12,-0.0
CGNL1,-0.0
ALDH1A2,0.0
AQP9,0.0
ADAM10,0.0
MINDY2,0.0
RNF111,-0.0
SLTM,0.0
INTS14,0.0
DENND4A,0.0
RAB11A,0.0
DIS3L,0.0
TIPIN,-0.0
MAP2K1,0.0
SMAD6,0.0
RORA,0.0
VPS13C,0.0
TLN2,0.0
TPM1,0.0
LACTB,-0.0
RAB8B,0.0
USP3,-0.0
HERC1,0.0
SPESP1,0.0
GLCE,-0.0
UACA,0.0
THSD4,0.0
MYO9A,0.0
PARP6,0.0
CELF6,0.0
ANKDD1A,0.0
SPG21,0.0
MTFMT,-0.0
UBAP1L,-0.0
PDCD7,-0.0
CLPX,-0.0
PARP16,-0.0
DPP8,-0.0
HACD3,0.0
ARID3B,-0.0
CLK3,0.0
EDC3,0.0
CSK,0.0
ULK3,-0.0
SCAMP2,-0.0
SMAD3,0.0
AAGAB,0.0
IQCH,-0.0
MAP2K5,0.0
PIAS1,-0.0
CALML4,0.0
CLN6,0.0
FEM1B,0.0
ANP32A,0.0
SCAPER,0.0
RCN2,-0.0
TSPAN3,-0.0
PEAK1,0.0
HMG20A,0.0
TBC1D2B,0.0
IDH3A,0.0
HEXA,0.0
ARIH1,0.0
BBS4,0.0
ADPGK,-0.0
NEO1,0.0
NPTN,0.0
CD276,0.0
PML,0.0
CYP11A1,-0.0
MESD,0.0
CFAP161,0.0
TMC3,0.0
EFL1,0.0
WHAMM,0.0
HOMER2,0.0
PPCDC,0.0
NEIL1,0.0
SIN3A,-0.0
PTPN9,0.0
SNUPN,0.0
FBXO22,-0.0
NRG4,-0.0
TMEM266,0.0
ETFA,-0.0
PDE8A,-0.0
AKAP13,-0.0
KLHL25,0.0
DET1,0.0
ABHD2,-0.0
POLG,0.0
IREB2,0.0
HYKK,0.0
PSMA4,-0.0
MORF4L1,-0.0
CTSH,0.0
MTHFS,-0.0
FAH,-0.0
CTXND1,0.0
CEMIP,0.0
CRTC3,-0.0
FES,-0.0
MAN2A2,0.0
UNC45A,0.0
SLCO3A1,0.0
FAM174B,0.0
CHD2,0.0
C15orf40,0.0
BTBD1,0.0
ADAMTSL3,0.0
ZSCAN2,-0.0
WDR73,0.0
SEC11A,0.0
ZNF592,-0.0
ALPK3,0.0
SLC28A1,0.0
ADAMTS17,-0.0
LINS1,-0.0
ASB7,0.0
CHSY1,0.0
SELENOS,0.0
SNRPA1,-0.0
TM2D3,-0.0
MPG,-0.0
PEX11A,-0.0
ANPEP,-0.0
AP3S2,0.0
ZNF710,0.0
IDH2,0.0
SEMA4B,0.0
CIB1,0.0
IQGAP1,0.0
RAB40C,-0.0
MCRIP2,-0.0
RHOT2,0.0
STUB1,0.0
CIAO3,-0.0
CHTF18,0.0
LMF1,0.0
CACNA1H,0.0
UBE2I,0.0
MCTP2,0.0
NR2F2,0.0
ARRDC4,-0.0
TTC23,0.0
LRRC28,-0.0
MEF2A,0.0
LYSMD4,0.0
NME3,0.0
SPSB3,0.0
FAHD1,0.0
ZNF598,-0.0
NTHL1,0.0
TSC2,0.0
PKD1,0.0
RAB26,-0.0
NPRL3,0.0
LUC7L,0.0
FAM234A,0.0
AXIN1,-0.0
RAB11FIP3,0.0
CAPN15,0.0
PIGQ,-0.0
PDPK1,0.0
SRRM2,-0.0
IL32,0.0
ZNF213,-0.0
ZNF263,0.0
ZNF75A,-0.0
ZSCAN32,0.0
NAA60,0.0
CLUAP1,-0.0
GNPTG,0.0
CLCN7,-0.0
TELO2,0.0
IFT140,0.0
CRAMP1,0.0
JPT2,0.0
MAPK8IP3,0.0
NMRAL1,-0.0
HMOX2,-0.0
CDIP1,0.0
UBALD1,-0.0
MGRN1,0.0
NUDT16L1,0.0
ANKS3,0.0
ZNF500,0.0
GLYR1,0.0
TRAF7,-0.0
PGP,-0.0
E4F1,0.0
ECI1,0.0
RNPS1,0.0
TBC1D24,0.0
AMDHD2,0.0
CARHSP1,-0.0
USP7,0.0
ATF7IP2,0.0
EMP2,0.0
NUBP1,0.0
CLEC16A,0.0
LITAF,0.0
TXNDC11,0.0
ZC3H7A,0.0
DNASE1,0.0
TRAP1,0.0
CREBBP,0.0
ADCY9,0.0
PAM16,0.0
CORO7,0.0
DNAJA3,0.0
PARN,0.0
BFAR,0.0
NOMO1,-0.0
PDXDC1,-0.0
NTAN1,0.0
MPV17L,0.0
BMERB1,0.0
MARF1,-0.0
NDE1,0.0
UBN1,0.0
PPL,-0.0
ALG1,0.0
RBFOX1,0.0
METTL22,-0.0
ABAT,0.0
PMM2,0.0
IQCK,0.0
ACSM5,0.0
ACSM2A,-0.0
ACSM2B,-0.0
ACSM3,0.0
ACSM1,0.0
THUMPD1,-0.0
ERI2,0.0
DCUN1D3,-0.0
RSL1D1,0.0
GSPT1,-0.0
NPIPB2,0.0
SNX29,0.0
CPPED1,0.0
ERCC4,-0.0
MRTFB,0.0
EEF2K,0.0
POLR3E,0.0
CDR2,0.0
USP31,-0.0
COG7,-0.0
GGA2,0.0
EARS2,0.0
UBFD1,0.0
NDUFAB1,-0.0
PALB2,0.0
ARL6IP1,-0.0
SMG1,-0.0
ITPRIPL2,0.0
CCP110,0.0
VPS35L,0.0
KNOP1,-0.0
KDM8,-0.0
NSMCE1,-0.0
IL4R,-0.0
GTF3C1,0.0
XPO6,0.0
CLN3,0.0
IL27,0.0
NUPR1,-0.0
SGF29,-0.0
SULT1A2,0.0
LYRM1,-0.0
ANKS4B,0.0
CRYM,0.0
METTL9,0.0
UQCRC2,-0.0
MOSMO,-0.0
QPRT,0.0
KIF22,0.0
MAZ,-0.0
MVP,0.0
ASPHD1,0.0
KCTD13,0.0
TMEM219,0.0
TAOK2,0.0
INO80E,0.0
PPP4C,0.0
DCTN5,-0.0
RBBP6,-0.0
TNRC6A,0.0
SLC5A11,0.0
ARHGAP17,0.0
LCMT1,-0.0
FBRS,0.0
SRCAP,0.0
PHKG2,0.0
RNF40,0.0
BCL7C,0.0
SETD1A,0.0
HSD3B7,0.0
STX4,0.0
PRSS53,0.0
VKORC1,0.0
SULT1A1,0.0
ATXN2L,0.0
TUFM,-0.0
SH2B1,0.0
RABEP2,0.0
NFATC2IP,0.0
C16orf87,-0.0
DNAJA2,-0.0
ITFG1,-0.0
PHKB,-0.0
ABCC11,-0.0
SIAH1,0.0
N4BP1,0.0
ZNF423,0.0
HEATR3,-0.0
TENT4B,0.0
YPEL3,0.0
TBC1D10B,0.0
ZNF771,-0.0
SEPHS2,0.0
ITGAL,0.0
ZNF785,0.0
TOX3,0.0
CHD9,-0.0
RBL2,0.0
AKTIP,-0.0
FTO,0.0
CES1,0.0
GNAO1,-0.0
AMFR,0.0
NUDT21,0.0
OGFOD1,0.0
BBS2,0.0
MT2A,0.0
KAT8,-0.0
FUS,0.0
ARMC5,-0.0
VPS35,0.0
NUP93,0.0
HERPUD1,-0.0
NLRC5,0.0
RSPRY1,0.0
ARL2BP,0.0
CX3CL1,0.0
CIAPIN1,-0.0
COQ9,-0.0
POLR2C,-0.0
ADGRG5,0.0
KIFC3,-0.0
USB1,-0.0
BRD7,0.0
NKD1,0.0
CYLD,0.0
SALL1,0.0
SLC38A7,0.0
GOT2,-0.0
BEAN1,0.0
TK2,0.0
CMTM4,-0.0
DYNC1LI2,0.0
NAE1,-0.0
PDP2,-0.0
CES2,-0.0
CES3,-0.0
CES4A,0.0
CBFB,0.0
MT1E,0.0
MT1G,-0.0
MT1H,0.0
RIPOR1,-0.0
CTCF,0.0
GFOD2,-0.0
RANBP10,-0.0
CENPT,0.0
EDC4,0.0
PSKH1,0.0
LCAT,-0.0
DUS2,0.0
NFATC3,-0.0
ESRP2,-0.0
PLA2G15,-0.0
MMP15,0.0
CFAP20,-0.0
CSNK2A2,0.0
CNOT1,-0.0
UTP4,0.0
SNTB2,0.0
VPS4A,0.0
COG8,0.0
TERF2,-0.0
CYB5B,0.0
NFAT5,0.0
WWP2,-0.0
PDPR,0.0
EXOSC6,0.0
DDX19B,-0.0
DDX19A,-0.0
HSF4,0.0
NOL3,0.0
E2F4,0.0
ATP6V0D1,0.0
SF3B3,0.0
MTSS2,-0.0
VAC14,0.0
CMTR2,0.0
ZNF23,-0.0
ZNF19,-0.0
MARVELD3,0.0
PHLPP2,0.0
AP1G1,-0.0
IST1,0.0
ZNF821,0.0
PRMT7,0.0
ZFP90,0.0
CDH1,-0.0
TANGO6,0.0
TXNL4B,0.0
HPR,-0.0
DHX38,0.0
ZFHX3,0.0
PSMD7,0.0
NPIPB15,-0.0
GLG1,-0.0
RFWD3,0.0
WDR59,0.0
ZNRF1,0.0
LDHD,0.0
ZFP1,0.0
BCAR1,0.0
ST3GAL2,0.0
FCSK,0.0
COG4,0.0
ADAT1,-0.0
TERF2IP,0.0
CNTNAP4,-0.0
MON1B,-0.0
NUDT7,-0.0
WWOX,0.0
CDYL2,0.0
CMC2,0.0
C16orf46,-0.0
GAN,-0.0
CMIP,0.0
PLCG2,-0.0
HSD17B2,-0.0
PKD1L3,-0.0
DHODH,-0.0
OSGIN1,0.0
NECAB2,0.0
MBTPS1,0.0
TAF1C,0.0
KLHL36,0.0
USP10,0.0
ZDHHC7,0.0
GSE1,-0.0
EMC8,0.0
COX4I1,0.0
MTHFSD,-0.0
C16orf95,0.0
MAP1LC3B,0.0
CFDP1,0.0
TMEM170A,0.0
SLC7A5,-0.0
CA5A,-0.0
BANP,-0.0
ZC3H18,0.0
MVD,0.0
PIEZO1,0.0
GALNS,-0.0
ACSF3,0.0
ZNF778,0.0
ANKRD11,0.0
SPG7,0.0
CHMP1A,-0.0
VPS9D1,0.0
ZNF276,0.0
MPHOSPH6,0.0
MLYCD,-0.0
TCF25,0.0
DEF8,-0.0
GAS8,0.0
RPH3AL,0.0
VPS53,0.0
GLOD4,0.0
NXN,0.0
ABR,0.0
YWHAE,0.0
CRK,-0.0
MYO1C,0.0
INPP5K,-0.0
PITPNA,0.0
SCARF1,0.0
ZCCHC14,0.0
KLHDC4,-0.0
WDR81,0.0
SERPINF1,-0.0
SMYD4,0.0
RPA1,0.0
RTN4RL1,0.0
DPH1,0.0
SMG6,0.0
SRR,0.0
TSR1,0.0
SGSM2,-0.0
METTL16,-0.0
PAFAH1B1,-0.0
CLUH,0.0
FANCA,0.0
SPIRE2,0.0
TRPV1,0.0
SHPK,0.0
CTNS,0.0
NCBP3,0.0
ZZEF1,-0.0
CYB5D2,-0.0
ANKFY1,0.0
UBE2G1,-0.0
SPNS3,0.0
MYBBP1A,0.0
PELP1,0.0
MINK1,0.0
CHRNE,0.0
RILP,0.0
PRPF8,0.0
RNF167,0.0
PFN1,0.0
SPAG7,0.0
CAMTA2,0.0
KIF1C,-0.0
ZNF594,0.0
RABEP1,0.0
NUP88,-0.0
RPAIN,0.0
DHX33,0.0
DERL2,0.0
MIS12,0.0
KIAA0753,-0.0
MED31,0.0
SPATA22,-0.0
ASPA,-0.0
C17orf100,-0.0
SLC13A5,0.0
XAF1,0.0
RNASEK,0.0
SLC16A13,0.0
ASGR2,0.0
ASGR1,0.0
GABARAP,0.0
CTDNEP1,0.0
ELP5,0.0
GPS2,0.0
NEURL4,0.0
ZBTB4,0.0
POLR2A,0.0
SENP3,-0.0
SLC25A11,0.0
EIF4A1,0.0
MPDU1,-0.0
FXR2,0.0
SAT2,0.0
TP53,0.0
KDM6B,-0.0
CNTROB,0.0
PER1,-0.0
VAMP2,0.0
CTC1,-0.0
KRBA2,-0.0
NDEL1,0.0
MYH10,0.0
NTN1,-0.0
STX8,0.0
USP43,-0.0
SCO1,0.0
ADPRM,0.0
TMEM220,-0.0
ZNF18,-0.0
MAP2K4,-0.0
ELAC2,0.0
COX10,0.0
HS3ST3B1,0.0
CDRT4,0.0
TVP23C,0.0
TRIM16,-0.0
ZSWIM7,-0.0
TTC19,0.0
NCOR1,0.0
PIGL,0.0
CENPV,0.0
UBB,-0.0
MPRIP,-0.0
FLCN,0.0
COPS3,-0.0
MED9,0.0
PEMT,0.0
RAI1,0.0
SREBF1,0.0
TOM1L2,0.0
ATPAF2,0.0
DRG2,0.0
MYO15A,-0.0
ALKBH5,0.0
FLII,0.0
TOP3A,-0.0
SHMT1,0.0
TRIM16L,0.0
TVP23B,0.0
PRPSAP2,0.0
SLC5A10,-0.0
FAM83G,-0.0
EPN2,0.0
B9D1,-0.0
ALDH3A2,0.0
ULK2,0.0
AKAP10,-0.0
USP22,0.0
DHRS7B,0.0
MAP2K3,0.0
WSB1,0.0
KSR1,0.0
LYRM9,-0.0
NLK,0.0
TNFAIP1,0.0
POLDIP2,0.0
SARM1,0.0
VTN,-0.0
SLC46A1,0.0
RSKR,0.0
SDF2,-0.0
SUPT6H,0.0
TRAF4,-0.0
FAM222B,-0.0
FLOT2,0.0
PHF12,0.0
PIPOX,-0.0
MYO18A,0.0
NUFIP2,-0.0
TAOK1,0.0
TP53I13,-0.0
SSH2,0.0
NSRP1,0.0
BLMH,-0.0
CPD,-0.0
GOSR1,-0.0
CRLF3,0.0
ATAD5,0.0
TEFM,0.0
NF1,-0.0
OMG,0.0
EVI2B,0.0
RAB11FIP4,0.0
UTP6,0.0
SUZ12,-0.0
LRRC37B,0.0
RHOT1,-0.0
C17orf75,0.0
ZNF207,-0.0
PSMD11,0.0
MYO1D,0.0
CCT6B,-0.0
LIG3,-0.0
RFFL,0.0
RAD51D,0.0
AP2B1,0.0
TAF15,0.0
MYO19,0.0
GGNBP2,0.0
AATF,0.0
ACACA,0.0
TADA2A,0.0
SYNRG,0.0
DDX52,-0.0
HNF1B,0.0
SOCS7,0.0
SRCIN1,0.0
CISD3,-0.0
PSMB3,0.0
PIP4K2B,0.0
CWC25,0.0
LASP1,0.0
FBXL20,-0.0
MED1,-0.0
CDK12,0.0
STARD3,0.0
PGAP3,0.0
ERBB2,-0.0
GRB7,-0.0
GSDMB,0.0
ORMDL3,0.0
PSMD3,0.0
MED24,0.0
MSL1,0.0
CASC3,0.0
RAPGEFL1,0.0
WIPF2,0.0
RARA,-0.0
IGFBP4,0.0
SMARCE1,-0.0
EIF1,0.0
JUP,0.0
NT5C3B,0.0
ACLY,0.0
DNAJC7,-0.0
DHX58,0.0
KAT2A,0.0
RAB5C,0.0
STAT5B,0.0
STAT3,-0.0
ATP6V0A1,0.0
NAGLU,0.0
COASY,0.0
MLX,0.0
RETREG3,0.0
TUBG2,0.0
PLEKHH3,0.0
EZH1,0.0
BECN1,0.0
PSME3,-0.0
AARSD1,0.0
BRCA1,0.0
NBR1,0.0
TMEM106A,0.0
CCDC200,-0.0
DHX8,0.0
DUSP3,0.0
PYY,-0.0
NAGS,0.0
LSM12,-0.0
HDAC5,0.0
TMUB2,-0.0
ATXN7L3,-0.0
UBTF,0.0
SLC25A39,0.0
GPATCH8,0.0
EFTUD2,0.0
DCAKD,0.0
NMT1,0.0
ACBD4,-0.0
HEXIM1,0.0
MAP3K14,0.0
PLEKHM1,-0.0
MAPT,-0.0
LRRC37A2,-0.0
NSF,0.0
WNT3,0.0
GOSR2,-0.0
CDC27,0.0
EFCAB13,-0.0
NPEPPS,0.0
KPNB1,0.0
SCRN2,0.0
SP2,-0.0
PNPO,-0.0
NFE2L1,0.0
CBX1,0.0
SKAP1,0.0
CALCOCO2,0.0
ATP5MC1,-0.0
UBE2Z,-0.0
SRSF1,0.0
SNF8,-0.0
ZNF652,0.0
SPOP,-0.0
SLC35B1,-0.0
FAM117A,0.0
KAT7,0.0
CHAD,0.0
RSAD1,-0.0
SPATA20,0.0
ANKRD40,0.0
LUC7L3,0.0
TOB1,-0.0
SPAG9,-0.0
TUBD1,-0.0
MBTD1,-0.0
UTP18,0.0
TOM1L1,-0.0
COX11,0.0
STXBP4,-0.0
HLF,0.0
PCTP,0.0
C17orf67,0.0
DGKE,0.0
TRIM25,0.0
COIL,0.0
AKAP1,-0.0
MSI2,-0.0
CUEDC1,0.0
VEZF1,0.0
CCDC47,-0.0
DYNLL2,0.0
MKS1,0.0
TSPOAP1,0.0
RNF43,0.0
MTMR4,-0.0
TEX14,0.0
RAD51C,0.0
PPM1E,0.0
TRIM37,0.0
SKA2,-0.0
YPEL2,-0.0
DHX40,-0.0
CLTC,0.0
PTRH2,-0.0
VMP1,-0.0
HELZ,-0.0
RNFT1,-0.0
USP32,-0.0
APPBP2,-0.0
PPM1D,0.0
BCAS3,0.0
BRIP1,0.0
INTS2,0.0
MED13,-0.0
METTL2A,0.0
TLK2,0.0
TANC2,0.0
DCAF7,0.0
TACO1,0.0
MAP3K3,0.0
STRADA,-0.0
COG1,0.0
DDX42,-0.0
FTSJ3,0.0
PSMC5,0.0
SMARCD2,0.0
ERN1,-0.0
TEX2,-0.0
POLG2,0.0
DDX5,0.0
CEP95,-0.0
SMURF2,0.0
LRRC37A3,0.0
GNA13,0.0
CEP112,0.0
APOH,-0.0
PRKCA,0.0
RECQL5,-0.0
PSMD12,0.0
PITPNC1,0.0
NOL11,-0.0
BPTF,0.0
ARSG,0.0
WIPI1,-0.0
PRKAR1A,0.0
FAM20A,0.0
ABCA8,-0.0
ABCA9,-0.0
ABCA10,0.0
ABCA5,0.0
MAP2K6,0.0
SLC39A11,-0.0
MFSD11,-0.0
SEC14L1,0.0
FAM104A,0.0
C17orf80,0.0
CDC42EP4,0.0
GPRC5C,-0.0
NAT9,0.0
TMEM104,-0.0
NT5C,0.0
SUMO2,0.0
NUP85,0.0
GGA3,-0.0
GRB2,0.0
TMEM94,0.0
TSEN54,0.0
LLGL2,-0.0
CHMP6,0.0
BAIAP2,-0.0
SAP30BP,0.0
UNK,0.0
WBP2,0.0
ACOX1,-0.0
TEN1,0.0
CDK3,0.0
SRP68,0.0
EXOC7,0.0
QRICH2,-0.0
PRPSAP1,0.0
UBE2O,0.0
JMJD6,0.0
METTL23,0.0
SRSF2,0.0
P4HB,-0.0
ARHGDIA,0.0
SEPTIN9,0.0
TNRC6C,0.0
PGS1,0.0
CYTH1,0.0
USP36,0.0
ENGASE,-0.0
CBX4,0.0
TBC1D16,0.0
CCDC40,-0.0
GAA,0.0
SLC26A11,0.0
RNF213,-0.0
ENDOV,0.0
RPTOR,0.0
OGFOD3,0.0
HEXD,0.0
AATK,-0.0
TEPSIN,-0.0
NDUFAF8,-0.0
SLC38A10,0.0
BAHCC1,0.0
ACTG1,-0.0
FAAP100,0.0
NPLOC4,-0.0
CCDC137,0.0
ARL16,0.0
HGS,0.0
SLC25A10,0.0
GCGR,0.0
MCRIP1,0.0
SMCHD1,0.0
LPIN2,-0.0
PCYT2,0.0
SIRT7,0.0
MAFG,0.0
CENPX,0.0
DCXR,0.0
RFNG,-0.0
GPS1,0.0
DUS1L,0.0
FASN,0.0
CCDC57,0.0
SLC16A3,0.0
CSNK1D,0.0
VAPA,0.0
NAPG,-0.0
CYBC1,0.0
NARF,-0.0
FOXK2,-0.0
WDR45B,0.0
RAB40B,0.0
FN3KRP,0.0
FN3K,0.0
TBCD,0.0
B3GNTL1,0.0
USP14,0.0
THOC1,-0.0
ENOSF1,0.0
YES1,-0.0
METTL4,-0.0
KIF1B,-0.0
PGD,0.0
MYOM1,0.0
MYL12A,-0.0
MYL12B,-0.0
TGIF1,0.0
DLGAP1,-0.0
L3MBTL4,0.0
PTPRM,0.0
RAB12,0.0
MTCL1,0.0
NDUFV2,0.0
ANKRD12,-0.0
TWSG1,0.0
RALBP1,0.0
PPP4R1,0.0
ROCK1,0.0
GREB1L,-0.0
VAMP3,0.0
PER3,-0.0
PARK7,0.0
ERRFI1,-0.0
RERE,0.0
ENO1,0.0
GPR157,0.0
H6PD,-0.0
SPSB1,0.0
SLC25A33,0.0
CTNNBIP1,0.0
LZIC,0.0
NMNAT1,0.0
UBE4B,0.0
OSBPL1A,0.0
IMPACT,0.0
SS18,-0.0
PIEZO2,0.0
MPPE1,0.0
IMPA2,0.0
AFG3L2,-0.0
PSMG2,0.0
CEP76,0.0
PTPN2,-0.0
SEH1L,-0.0
CEP192,0.0
LDLRAD4,-0.0
FAM210A,-0.0
RNMT,0.0
ZNF519,0.0
ZNF397,0.0
ZSCAN30,0.0
ZNF24,0.0
ESCO1,-0.0
SNRPD1,0.0
ABHD3,-0.0
MIB1,-0.0
GATA6,0.0
RBBP8,-0.0
CABLES1,-0.0
TMEM241,-0.0
RIOK3,-0.0
RMC1,-0.0
NPC1,-0.0
LAMA3,0.0
TTC39C,-0.0
C18orf25,0.0
RNF165,-0.0
PIAS2,-0.0
KATNAL2,0.0
KCTD1,-0.0
CHST9,-0.0
CDH2,0.0
DSG2,-0.0
TRAPPC8,-0.0
RNF125,0.0
RNF138,0.0
GAREM1,0.0
ASXL3,-0.0
NOL4,-0.0
MAPRE2,0.0
CXXC1,0.0
ME2,0.0
ELAC1,-0.0
SMAD4,0.0
INO80C,0.0
GALNT1,0.0
RPRD1A,0.0
SLC39A6,-0.0
ELP2,-0.0
MOCOS,-0.0
KIAA1328,0.0
PIK3C3,-0.0
SETBP1,-0.0
EPG5,-0.0
PSTPIP2,0.0
ATP5F1A,0.0
SEC11C,-0.0
LMAN1,0.0
RNF152,-0.0
PIGN,-0.0
HDHD2,0.0
IER3IP1,-0.0
SMAD2,0.0
ZBTB7C,-0.0
CTIF,0.0
SMAD7,-0.0
DYM,0.0
C18orf32,0.0
LIPG,-0.0
ACAA2,-0.0
MYO5B,0.0
MBD1,0.0
TIMM21,-0.0
CYB5A,0.0
CNDP2,0.0
CNDP1,-0.0
MBD2,0.0
POLI,0.0
CCDC68,-0.0
TCF4,0.0
TXNL1,0.0
WDR7,0.0
ONECUT2,0.0
FECH,0.0
ATP8B1,0.0
NEDD4L,0.0
ALPK2,-0.0
MALT1,-0.0
CDC34,0.0
BSG,0.0
POLRMT,-0.0
RELCH,-0.0
ZCCHC2,-0.0
PHLPP1,0.0
BCL2,0.0
KDSR,-0.0
VPS4B,0.0
DSEL,-0.0
TMX3,-0.0
DOK6,0.0
CD226,-0.0
RTTN,-0.0
SOCS6,0.0
NDUFS7,0.0
GAMT,0.0
DAZAP1,-0.0
C19orf25,-0.0
ZNF407,0.0
TSHZ1,0.0
ZNF516,0.0
ZNF236,0.0
MBP,0.0
ATP9B,0.0
CTDP1,-0.0
SLC66A2,-0.0
HSBP1L1,-0.0
TXNL4A,-0.0
RBFA,-0.0
ADNP2,0.0
SF3A2,0.0
OAZ1,0.0
LSM7,-0.0
SPPL2B,0.0
RNF126,0.0
PTBP1,0.0
ARID3A,-0.0
TMEM259,-0.0
POLR2E,0.0
GPX4,-0.0
SBNO2,0.0
STK11,0.0
ATP5F1D,0.0
MIDN,-0.0
CIRBP,-0.0
PWWP3A,0.0
HMG20B,0.0
PIP5K1C,0.0
TJP3,-0.0
DAPK3,0.0
REEP6,0.0
MBD3,0.0
UQCR11,0.0
TCF3,0.0
REXO1,-0.0
SCAMP4,0.0
CSNK1G2,0.0
BTBD2,0.0
MKNK2,0.0
MOB3A,0.0
AP3D1,0.0
DOT1L,0.0
PLIN4,-0.0
PLIN5,-0.0
LRG1,0.0
TNFAIP8L1,0.0
MYDGF,-0.0
GADD45B,-0.0
GNG7,0.0
SGTA,0.0
THOP1,-0.0
TLE2,-0.0
TLE5,0.0
GNA11,0.0
NCLN,0.0
NFIC,-0.0
FZR1,0.0
MFSD12,-0.0
RANBP3,0.0
RFX2,-0.0
MLLT1,0.0
GTF2F1,0.0
KHSRP,0.0
PIAS4,0.0
ZBTB7A,0.0
MAP2K2,-0.0
CREB3L3,0.0
ANKRD24,-0.0
YJU2,0.0
STAP2,0.0
SH3GL1,0.0
UBXN6,0.0
HDGFL2,0.0
CAMSAP3,-0.0
PET100,0.0
STXBP2,0.0
CLEC4M,0.0
EVI5L,0.0
DPP9,0.0
TICAM1,-0.0
PLIN3,0.0
KDM4B,-0.0
SAFB2,0.0
SAFB,0.0
LONP1,0.0
FUT6,0.0
NDUFA11,0.0
CAPS,0.0
ADAMTS10,-0.0
ZNF558,-0.0
ZNF317,0.0
ZNF559,-0.0
ZNF266,0.0
ZNF121,-0.0
ZNF561,0.0
SLC25A23,0.0
GPR108,0.0
SH2D3A,0.0
ZNF557,0.0
INSR,0.0
ARHGEF18,0.0
ZNF358,0.0
MCOLN1,0.0
PNPLA6,0.0
RAVER1,0.0
TYK2,0.0
CDC37,0.0
KEAP1,0.0
ATG4D,-0.0
ILF3,0.0
MAP2K7,0.0
TIMM44,0.0
ELAVL1,0.0
CERS4,0.0
NDUFA7,-0.0
ANGPTL4,-0.0
RAB11B,-0.0
HNRNPM,0.0
MYO1F,0.0
TMEM205,-0.0
CCDC159,0.0
RGL3,0.0
PRKCSH,0.0
ECSIT,0.0
ZNF627,-0.0
ZNF823,0.0
ZNF562,-0.0
FBXL12,0.0
PIN1,-0.0
OLFM2,-0.0
COL5A3,-0.0
SHFL,-0.0
EIF3G,0.0
DNMT1,0.0
ICAM1,0.0
ZNF563,0.0
ZNF564,0.0
ZNF490,0.0
ZNF791,-0.0
MAN2B1,0.0
WDR83,0.0
DHPS,0.0
QTRT1,0.0
DNM2,0.0
CARM1,0.0
YIPF2,0.0
SMARCA4,0.0
LDLR,-0.0
KANK2,0.0
DOCK6,0.0
ANGPTL8,0.0
NFIX,0.0
TRMT1,0.0
NACC1,0.0
STX10,0.0
MRI1,0.0
CC2D1A,0.0
ZNF441,-0.0
ZNF440,-0.0
ZNF69,-0.0
ZNF700,-0.0
ZNF763,0.0
ZNF433,-0.0
ZNF844,-0.0
ZNF136,-0.0
ZNF44,0.0
AKAP8,0.0
AKAP8L,0.0
PGLYRP2,-0.0
CYP4F3,-0.0
CYP4F12,-0.0
CYP4F2,-0.0
CYP4F11,-0.0
TNPO2,0.0
TRIR,-0.0
HOOK2,0.0
JUNB,0.0
GCDH,-0.0
SYCE2,0.0
FARSA,0.0
CALR,-0.0
RAD23A,0.0
SIN3B,-0.0
HAUS8,0.0
MYO9B,0.0
USE1,0.0
NR2F6,0.0
USHBP1,0.0
BABAM1,0.0
RFX1,0.0
PALM3,0.0
PRKACA,0.0
PKN1,0.0
GIPC1,0.0
DNAJB1,0.0
TECR,0.0
ZNF333,0.0
BRD4,0.0
GDF15,0.0
SSBP4,0.0
ELL,-0.0
FKBP8,0.0
CRTC1,-0.0
UPF1,0.0
COPE,0.0
RAB8A,0.0
AP1M1,0.0
EPS15L1,0.0
C19orf44,0.0
CHERP,0.0
SLC35E1,0.0
MED26,0.0
SMIM7,0.0
TMEM38A,-0.0
MAU2,0.0
GATAD2A,0.0
NDUFA13,0.0
ZNF253,-0.0
ZNF682,-0.0
ZNF626,0.0
ZNF708,0.0
ABHD8,0.0
DDA1,0.0
MVB12A,-0.0
SLC27A1,0.0
COLGALT1,0.0
MAST3,-0.0
PIK3R2,0.0
JUND,0.0
PGPEP1,0.0
ANKRD27,0.0
SLC7A9,-0.0
CEP89,0.0
RHPN2,-0.0
GPATCH1,0.0
WDR88,-0.0
CEBPA,0.0
DDX49,0.0
SUGP2,0.0
ARMC6,0.0
SLC25A42,0.0
TMEM161A,0.0
MEF2B,0.0
HAPLN4,0.0
TM6SF2,0.0
SUGP1,0.0
ZNF30,-0.0
GRAMD1A,0.0
HPN,-0.0
LGI4,-0.0
FXYD1,-0.0
LSR,-0.0
USF2,0.0
ZNF493,0.0
ZNF429,0.0
ZNF100,0.0
ZNF254,-0.0
UQCRFS1,-0.0
C19orf12,-0.0
URI1,0.0
ZNF507,-0.0
DPY19L3,0.0
ZFP14,-0.0
ZNF566,0.0
ZNF260,0.0
ZNF529,-0.0
ZNF461,-0.0
ZNF567,-0.0
ZNF850,0.0
ZNF790,-0.0
CEBPG,-0.0
PEPD,0.0
LSM14A,0.0
GPI,0.0
UBA2,0.0
SCGB2B2,0.0
ZNF302,0.0
ZNF181,-0.0
ZNF540,0.0
ZNF571,0.0
ZFP30,0.0
ZNF573,0.0
SIPA1L3,0.0
CATSPERG,0.0
PSMD8,0.0
EIF3K,0.0
COX6B1,0.0
KMT2B,0.0
U2AF1L4,-0.0
PRODH2,0.0
SYNE4,0.0
CAPNS1,0.0
ZNF565,-0.0
ZNF146,-0.0
FBXO17,-0.0
FBXO27,-0.0
PAK4,0.0
SAMD4B,-0.0
MED29,-0.0
ZFP36,-0.0
SUPT5H,-0.0
PSMC4,-0.0
ZNF345,0.0
ZNF568,0.0
ZNF420,0.0
ZNF585A,-0.0
ZNF585B,0.0
ZNF383,-0.0
ZNF875,0.0
ZNF569,0.0
COQ8B,0.0
ITPKC,0.0
SNRPA,0.0
RAB4B,-0.0
CYP2A6,-0.0
CYP2A7,-0.0
CYP2B6,-0.0
HNRNPUL1,0.0
ACTN4,0.0
CAPN12,-0.0
LGALS4,0.0
ECH1,0.0
HNRNPL,-0.0
SIRT2,0.0
NFKBIB,0.0
SARS2,-0.0
PHLDB3,0.0
ETHE1,-0.0
XRCC1,0.0
ZNF428,0.0
SMG9,-0.0
ZNF283,-0.0
ZNF45,0.0
ZNF155,-0.0
ZNF546,-0.0
ZNF780B,-0.0
ZNF780A,-0.0
MAP3K10,0.0
AKT2,0.0
PLD3,0.0
BLVRB,-0.0
NUMBL,0.0
PVR,-0.0
CEACAM19,-0.0
CBLC,0.0
NECTIN2,-0.0
TOMM40,0.0
APOE,0.0
APOC1,-0.0
TGFB1,0.0
TMEM91,0.0
BCKDHA,-0.0
ARHGEF1,0.0
ERF,0.0
CIC,0.0
MEGF8,-0.0
CEACAM1,0.0
PPP1R13L,0.0
ERCC1,0.0
VASP,0.0
OPA3,-0.0
EML2,0.0
QPCTL,0.0
FBXO46,0.0
DMPK,0.0
SYMPK,0.0
ZNF224,0.0
ZNF234,-0.0
ZNF226,-0.0
ZNF227,0.0
ZNF235,-0.0
ZNF180,-0.0
IGSF23,0.0
ZC3H4,0.0
SAE1,0.0
CCDC9,0.0
C5AR1,-0.0
DHX34,0.0
NAPA,0.0
NOP53,0.0
SELENOW,0.0
SULT2A1,-0.0
APOC2,-0.0
CLPTM1,0.0
RELB,0.0
CLASRP,0.0
MARK4,0.0
TRAPPC6A,0.0
ERCC2,-0.0
PLEKHA4,-0.0
NUCB1,-0.0
BAX,0.0
FTL,0.0
GYS1,-0.0
RUVBL2,-0.0
SNRNP70,0.0
SLC6A16,-0.0
PIH1D1,-0.0
FOXA3,-0.0
MYPOP,-0.0
PPP5C,0.0
PRKD2,0.0
STRN4,0.0
AP2S1,0.0
ARHGAP35,0.0
AP2A1,0.0
MED25,0.0
PTOV1,0.0
TBC1D17,0.0
NUP62,0.0
ATF5,0.0
VRK3,-0.0
MYH14,0.0
NR1H2,0.0
PLA2G4C,0.0
LIG1,0.0
TMEM143,-0.0
KDELR1,0.0
SPHK2,0.0
BCAT2,0.0
HSD17B14,-0.0
ZNF766,0.0
ZNF480,0.0
ZNF808,-0.0
ZNF83,0.0
ZNF600,-0.0
ZNF160,0.0
ZNF765,-0.0
ZNF331,0.0
PRPF31,0.0
FCGRT,0.0
RCN3,0.0
NOSIP,0.0
PRR12,0.0
SCAF1,0.0
IRF3,0.0
PRMT1,0.0
TMEM86B,-0.0
PPP6R1,0.0
ISOC2,-0.0
ZNF580,0.0
U2AF2,0.0
EPN1,0.0
ZNF787,0.0
ZNF444,0.0
ZSCAN5A,0.0
EMC10,0.0
ASPDH,-0.0
ETFB,0.0
ZNF175,0.0
ZNF577,-0.0
ZNF432,-0.0
PPP2R1A,-0.0
ZNF552,-0.0
ZNF587B,0.0
ZNF587,-0.0
C19orf18,-0.0
ZNF606,-0.0
ZSCAN18,0.0
ZNF329,0.0
ZNF274,-0.0
ZNF544,0.0
CNOT3,0.0
MBOAT7,-0.0
LENG9,0.0
RDH13,-0.0
PPP1R12C,0.0
PTPRH,0.0
TBC1D20,0.0
CSNK2A1,-0.0
PSMF1,0.0
NSFL1C,0.0
SIRPA,0.0
STK35,0.0
ZNF343,0.0
NOP56,0.0
IDH3B,0.0
EDDM13,-0.0
ZNF471,0.0
ZNF470,0.0
ZNF264,0.0
ZNF460,0.0
ZNF776,-0.0
ZNF586,-0.0
MAVS,0.0
PANK2,0.0
SLC23A2,0.0
TMEM230,0.0
CDS2,0.0
GPCPD1,-0.0
SHLD1,0.0
MCM8,0.0
CRLS1,-0.0
ERVK3-1,-0.0
ZNF324,0.0
SLC27A5,0.0
TRIM28,-0.0
MZF1,0.0
TRIB3,0.0
RBCK1,0.0
SPTLC3,0.0
ISM1,0.0
TASP1,0.0
ESF1,0.0
NDUFAF5,-0.0
MACROD2,-0.0
FLRT3,-0.0
KIF16B,0.0
SNRPB2,0.0
PCED1A,0.0
VPS16,0.0
PTPRA,0.0
UBOX5,-0.0
DDRGK1,0.0
ITPA,0.0
ATRN,-0.0
SEC23B,0.0
DTD1,0.0
RIN2,0.0
NAA20,0.0
CRNKL1,0.0
RALGAPA2,-0.0
KIZ,0.0
XRN2,0.0
FOXA2,0.0
HAO1,0.0
TMX4,-0.0
PLCB1,-0.0
SNAP25,0.0
MKKS,-0.0
SLX4IP,-0.0
BTBD3,0.0
ID1,-0.0
BCL2L1,0.0
TM9SF4,-0.0
POFUT1,-0.0
KIF3B,0.0
ASXL1,-0.0
NOL4L,0.0
COMMD7,0.0
MAPRE1,0.0
DSTN,0.0
RRBP1,-0.0
SNX5,-0.0
OVOL2,-0.0
MGME1,0.0
KAT14,0.0
ZNF133,-0.0
EIF2S2,-0.0
AHCY,0.0
ITCH,-0.0
MAP1LC3A,0.0
PIGU,0.0
NCOA6,-0.0
GGT7,0.0
ACSS2,0.0
GSS,0.0
TRPC4AP,0.0
NAPB,0.0
ENTPD6,0.0
ABHD12,-0.0
NINL,-0.0
ZNF337,0.0
HM13,0.0
CEP250,0.0
ERGIC3,-0.0
CPNE1,0.0
RBM12,0.0
NFS1,0.0
RBM39,0.0
PHF20,0.0
EPB41L1,0.0
AAR2,0.0
DLGAP4,0.0
CDK5RAP1,0.0
SNTA1,0.0
CBFA2T2,0.0
PXMP4,0.0
CHMP4B,0.0
RALY,0.0
RPN2,0.0
MANBAL,0.0
BLCAP,0.0
CTNNBL1,-0.0
TTI1,-0.0
RPRD1B,-0.0
TGM2,-0.0
RALGAPB,-0.0
DHX35,0.0
MAFB,0.0
EDEM2,-0.0
PROCR,0.0
MMP24OS,0.0
MMP24,0.0
EIF6,0.0
UQCC1,-0.0
PTPRT,-0.0
SRSF6,-0.0
L3MBTL1,0.0
SGK2,0.0
IFT52,-0.0
TOX2,0.0
OSER1,-0.0
GDAP1L1,0.0
FITM2,0.0
R3HDML,-0.0
HNF4A,0.0
TGIF2,-0.0
RAB5IF,0.0
NDRG3,-0.0
SAMHD1,0.0
RBL1,0.0
STK4,0.0
SDC4,0.0
PIGT,0.0
DNTTIP1,0.0
ACOT8,-0.0
ZSWIM3,0.0
CTSA,-0.0
ZNF335,0.0
NCOA5,0.0
SLC35C2,0.0
ELMO2,0.0
TOP1,-0.0
PLCG1,0.0
ZHX3,-0.0
LPIN3,-0.0
CHD6,-0.0
NCOA3,-0.0
SULF2,-0.0
ARFGEF2,-0.0
CSE1L,0.0
STAU1,0.0
DDX27,0.0
ZNFX1,0.0
KCNB1,-0.0
B4GALT5,0.0
SLC9A8,-0.0
RNF114,0.0
TTPAL,-0.0
SERINC3,-0.0
PKIG,0.0
YWHAB,-0.0
PABPC1L,0.0
PARD6B,0.0
ADNP,-0.0
DPM1,0.0
NFATC2,0.0
ATP9A,0.0
ZFP64,0.0
TSHZ2,-0.0
ZNF217,0.0
RTF2,0.0
RAE1,0.0
RAB22A,-0.0
ZNF334,0.0
SLC13A3,0.0
SLC2A10,-0.0
EYA2,0.0
ZMYND8,0.0
CTSZ,0.0
ATP5F1E,0.0
TAF4,0.0
LSM14B,0.0
PSMA7,0.0
SS18L1,0.0
MTG2,0.0
OSBPL2,0.0
LAMA5,0.0
OGFR,0.0
TCFL5,0.0
DIDO1,0.0
UBE2V1,0.0
CEBPB,0.0
PTPN1,0.0
RIPOR3,0.0
CHRNA4,-0.0
PTK6,-0.0
GMEB2,0.0
RTEL1,-0.0
ARFRP1,0.0
ZGPAT,-0.0
LIME1,-0.0
SLC2A4RG,-0.0
TPD52L2,0.0
DNAJC5,-0.0
UCKL1,0.0
ZNF512B,0.0
VAPB,0.0
STX16,0.0
NPEPL1,0.0
NELFCD,0.0
USP25,0.0
CXADR,-0.0
C21orf91,-0.0
NCAM2,-0.0
ATP5PF,0.0
GABPA,0.0
APP,0.0
N6AMT1,0.0
LTN1,-0.0
RWDD2B,-0.0
USP16,-0.0
CCT8,-0.0
GID8,0.0
SLC17A9,-0.0
YTHDF1,-0.0
ARFGAP1,0.0
TIAM1,0.0
SOD1,0.0
SCAF4,0.0
URB1,0.0
EVA1C,0.0
CFAP298,0.0
SYNJ1,0.0
PAXBP1,-0.0
IFNAR2,-0.0
IL10RB,-0.0
IFNAR1,0.0
IFNGR2,0.0
TMEM50B,-0.0
PRPF6,0.0
PCMTD2,0.0
NRIP1,0.0
CRYZL1,0.0
ITSN1,0.0
ATP5PO,-0.0
SLC5A3,-0.0
RCAN1,-0.0
RUNX1,-0.0
SETD4,-0.0
CBR1,0.0
DOP1B,0.0
MORC3,-0.0
CLDN14,-0.0
HLCS,0.0
PIGP,0.0
MAP3K7CL,0.0
BACH1,0.0
GRIK1,0.0
ETS2,-0.0
BRWD1,-0.0
HMGN1,0.0
GET1,0.0
BACE2,0.0
MX1,-0.0
TMPRSS2,-0.0
RIPK4,0.0
PRDM15,0.0
C2CD2,0.0
ZBTB21,0.0
ABCG1,0.0
SLC37A1,0.0
GART,-0.0
SON,0.0
DONSON,0.0
PKNOX1,0.0
RRP1B,0.0
RRP1,0.0
AGPAT3,0.0
TRAPPC10,-0.0
LRRC3,-0.0
UBE2G2,0.0
PTTG1IP,0.0
ADARB1,0.0
POFUT2,0.0
COL18A1,-0.0
TTC3,-0.0
VPS26C,-0.0
DYRK1A,-0.0
LSS,-0.0
MCM3AP,-0.0
YBEY,0.0
PCNT,-0.0
DIP2A,0.0
PRMT2,0.0
IL17RA,0.0
HDHD5,0.0
CECR2,0.0
SLC25A18,0.0
ATP6V1E1,-0.0
BCL2L13,0.0
PDE9A,0.0
WDR4,0.0
NDUFV3,0.0
PEX26,0.0
USP18,-0.0
DGCR2,0.0
SLC25A1,0.0
CLTCL1,-0.0
HIRA,0.0
UFD1,0.0
TXNRD2,0.0
COMT,0.0
ARVCF,0.0
TANGO2,-0.0
DGCR8,0.0
TRMT2A,0.0
ZDHHC8,0.0
SLC19A1,0.0
PI4KA,0.0
SERPIND1,-0.0
SNAP29,0.0
CRKL,0.0
LZTR1,0.0
UBE2L3,0.0
PPIL2,0.0
YPEL1,0.0
MAPK1,0.0
TOP3B,-0.0
BCR,0.0
CHCHD10,0.0
SMARCB1,0.0
SLC2A11,0.0
BID,-0.0
MICAL3,0.0
DDTL,0.0
DDT,0.0
CABIN1,-0.0
SPECC1L,0.0
ADORA2A,0.0
UPB1,0.0
GUCD1,0.0
SNRPD3,-0.0
LRRC75B,-0.0
KIAA1671,-0.0
GRK3,0.0
HPS4,0.0
TFIP11,0.0
TPST2,-0.0
KLHL22,0.0
MED15,0.0
CHEK2,0.0
HSCB,-0.0
CCDC117,0.0
XBP1,0.0
KREMEN1,0.0
RHBDD3,0.0
EWSR1,0.0
AP1B1,0.0
THOC5,0.0
NIPSNAP1,0.0
NF2,-0.0
ZMAT5,0.0
ASCC2,-0.0
MIF,0.0
GSTT2B,0.0
TBC1D10A,0.0
SF3A1,0.0
RNF215,-0.0
SEC14L2,0.0
SEC14L3,-0.0
SEC14L4,-0.0
PES1,0.0
OSBP2,0.0
MORC2,0.0
RNF185,-0.0
LIMK2,-0.0
PATZ1,0.0
EIF4ENIF1,0.0
SFI1,0.0
PITPNB,0.0
TTC28,0.0
DEPDC5,0.0
RTCB,-0.0
FBXO7,0.0
SYN3,0.0
TIMP3,0.0
LARGE1,-0.0
HMGXB4,0.0
TOM1,0.0
APOL6,0.0
RBFOX2,-0.0
APOL3,0.0
APOL2,0.0
APOL1,0.0
MYH9,0.0
MTMR3,0.0
HORMAD2,0.0
IFT27,0.0
TST,-0.0
MPST,0.0
TMPRSS6,-0.0
C1QTNF6,-0.0
CARD10,0.0
CDC42EP1,0.0
GGA1,-0.0
NOL12,0.0
TRIOBP,0.0
GCAT,-0.0
ANKRD54,0.0
EIF3L,0.0
POLR2F,0.0
PISD,0.0
PRR14L,0.0
MAFF,0.0
TMEM184B,0.0
CSNK1E,0.0
DDX17,0.0
CBY1,0.0
JOSD1,0.0
GTPBP1,0.0
SUN2,0.0
CBX7,0.0
TAB1,0.0
MIEF1,0.0
ATF4,0.0
FAM83F,0.0
TNRC6B,-0.0
TXN2,-0.0
EIF3D,0.0
MRTFA,0.0
SLC25A17,-0.0
ST13,0.0
XPNPEP3,0.0
RBX1,0.0
EP300,-0.0
L3MBTL2,0.0
RANGAP1,0.0
ZC3H7B,-0.0
TEF,-0.0
TOB2,0.0
ACO2,0.0
POLR3H,0.0
PMM1,0.0
PICK1,0.0
PLA2G6,0.0
SNU13,0.0
CCDC134,0.0
SREBF2,0.0
WBP2NL,0.0
CYP2D6,0.0
TCF20,-0.0
RRP7A,0.0
POLDIP3,0.0
CYB5R3,0.0
ARFGAP3,0.0
PACSIN2,-0.0
EFCAB6,0.0
PNPLA3,0.0
ADSL,0.0
SGSM3,0.0
PRR5,0.0
NUP50,0.0
KIAA0930,0.0
FAM118A,-0.0
ATXN10,0.0
PPARA,0.0
TTC38,0.0
TRMU,0.0
CELSR1,0.0
GRAMD4,-0.0
CERK,0.0
TBC1D22A,0.0
TAFA5,-0.0
BRD1,0.0
DESI1,-0.0
XRCC6,0.0
PIM3,0.0
TRABD,0.0
SELENOO,-0.0
TUBGCP6,0.0
HDAC10,0.0
PLXNB2,0.0
PPP6R2,-0.0
SBF1,0.0
LMF2,-0.0
TYMP,-0.0
ODF3B,0.0
CPT1B,0.0
CHKB,0.0
ARSA,0.0
SAMM50,0.0
PARVB,0.0
GTPBP6,0.0
PPP2R3B,-0.0
IL3RA,0.0
SLC25A6,0.0
ASMTL,0.0
AKAP17A,-0.0
DHRSX,0.0
ZBED1,-0.0
CD99,-0.0
GYG2,0.0
ARSD,0.0
PUDP,0.0
STS,0.0
FAM9B,0.0
ZBED4,0.0
CRELD2,-0.0
WWC3,0.0
CLCN4,0.0
MID1,0.0
MSL3,-0.0
RAB9A,0.0
OFD1,0.0
GEMIN8,0.0
MOSPD2,-0.0
ASB9,0.0
PIR,0.0
CA5B,0.0
ZRSR2,0.0
CTPS2,0.0
SYAP1,0.0
SHANK3,-0.0
PLCXD1,-0.0
REPS2,0.0
SCML1,0.0
CDKL5,0.0
PHKA2,-0.0
ADGRG2,0.0
PDHA1,0.0
SH3KBP1,0.0
BCLAF3,0.0
EIF1AX,-0.0
CNKSR2,0.0
MBTPS2,-0.0
SMS,0.0
PTCHD1,0.0
PRDX4,-0.0
TBL1X,0.0
SHROOM2,0.0
APOO,-0.0
KLHL15,0.0
EIF2S3,0.0
ZFX,0.0
PDK3,-0.0
POLA1,0.0
IL1RAPL1,-0.0
TAB3,0.0
DMD,0.0
PRRG1,0.0
DYNLT3,-0.0
RPGR,-0.0
OTC,0.0
BCOR,0.0
TXLNG,0.0
RBBP7,0.0
CXorf38,0.0
MED14,-0.0
USP9X,-0.0
DDX3X,0.0
CASK,0.0
MAOA,0.0
MAOB,0.0
KDM6A,0.0
KRBOX4,0.0
ZNF674,-0.0
CHST7,0.0
SLC9A7,0.0
JADE3,0.0
RBM10,-0.0
ACOT9,0.0
SAT1,-0.0
CDK16,0.0
ZNF41,0.0
ARAF,-0.0
ELK1,0.0
UXT,0.0
EBP,-0.0
TBC1D25,0.0
RBM3,0.0
WDR13,0.0
HDAC6,0.0
PQBP1,0.0
OTUD5,0.0
GRIPAP1,0.0
TFE3,0.0
WDR45,0.0
ATP6AP2,-0.0
MAGED1,0.0
TSPYL2,0.0
KANTR,0.0
KDM5C,0.0
SMC1A,0.0
HUWE1,0.0
PHF8,0.0
FAM120C,0.0
WNK3,0.0
GNL3L,0.0
RRAGB,-0.0
UBQLN2,-0.0
NBDY,0.0
SPIN3,-0.0
UBA1,0.0
ARHGEF9,0.0
ZC4H2,0.0
ZC3H12B,-0.0
LAS1L,0.0
MSN,0.0
AR,0.0
OPHN1,0.0
YIPF6,-0.0
EDA,0.0
IGBP1,-0.0
GJB1,-0.0
ZMYM3,0.0
NONO,-0.0
TAF1,-0.0
OGT,-0.0
CLCN5,-0.0
PIN4,0.0
HDAC8,-0.0
PHKA1,0.0
SLC16A2,-0.0
RLIM,0.0
ABCB7,-0.0
UPRT,-0.0
ATRX,0.0
MAGT1,-0.0
COX7B,-0.0
PGK1,0.0
BRWD3,-0.0
SH3BGRL,0.0
HDX,-0.0
APOOL,0.0
FAAH2,-0.0
DIAPH2,0.0
SRPX2,0.0
SYTL4,0.0
TRMT2B,0.0
ARMCX4,0.0
ARMCX3,-0.0
ZMAT1,0.0
BEX3,0.0
TCEAL4,0.0
MORF4L2,0.0
SLC25A53,0.0
FAM199X,0.0
IL1RAPL2,-0.0
SERPINA7,-0.0
RNF128,-0.0
GCNA,0.0
MORC4,0.0
RBM41,-0.0
TSC22D3,-0.0
MID2,0.0
ATG4A,-0.0
COL4A5,-0.0
ACSL4,0.0
TMEM164,0.0
AMMECR1,-0.0
ALG13,-0.0
TRPC5,0.0
PLS3,-0.0
KLHL13,0.0
WDR44,0.0
CHM,-0.0
LONRF3,0.0
SLC25A43,0.0
SLC25A5,-0.0
UBE2A,0.0
SEPTIN6,-0.0
UPF3B,-0.0
NKAP,-0.0
LAMP2,0.0
SH3BP5,3.1148375e-05
SNTG1,4.983279e-05
KRI1,7.8359684e-05
BCO2,0.00028033362
STARD5,0.00029693544
EEF2,0.00035781378
EIF4H,0.00041395353
SLCO1A2,0.00044134434
MAFK,0.00053178245
ANK3,0.00053319207
PHGDH,0.0006103585
PDXK,0.00063542684
STAT6,0.0006659789
PLIN1,0.00076535734
ALAS1,0.001053013
CD63,0.0010711944
FTH1,0.001095872
AGGF1,0.0011216714
HSPA1A,0.0011856047
AOX1,0.0013289659
SLC47A1,0.0013488601
COL6A1,0.0013802734
VSTM4,0.0013887848
GNA14,0.0014343238
IL11RA,0.0014983234
EVL,0.0015017164
MAF,0.0015284495
LAMA4,0.0015661854
ACSF2,0.0015733395
MOGAT3,0.0015909547
AHR,0.0016360508
SLC16A7,0.0016388341
INF2,0.001682294
ARHGAP10,0.0017865563
AMPD2,0.0018186122
ASPSCR1,0.0018667995
C1orf115,0.002031936
TGOLN2,0.0021393069
RASA3,0.002151718
TTLL3,0.002192486
LGR5,0.0023502635
TM4SF5,0.0023658588
MPPED1,0.0025074738
CCL16,0.0026174262
ENG,0.0026640217
RHOBTB1,0.0026689752
C1orf21,0.002691829
MAST2,0.0028929661
MICALL2,0.0029486506
SERPINF2,0.0029925124
LIFR,0.0030005537
THBS1,0.0030306948
ATP5IF1,0.003109064
NRP1,0.0031736738
ACSL5,0.0032476573
PRKG1,0.0033999328
BCL9L,0.0034589928
IER2,0.0035195495
CD14,0.0036370575
CAMK1D,0.003792469
ESR1,0.0041333996
EBNA1BP2,0.004182087
CRIM1,0.004376978
SLC22A10,0.004504464
SPATA18,0.004513557
KALRN,0.004880698
CDK5RAP3,0.0050764605
PFKFB1,0.005422914
ZNRF3,0.005590066
CAPN2,0.0057369242
DPP7,0.0058200876
MYO15B,0.005826005
HAGH,0.00584966
DAPK2,0.0059174644
KANSL1,0.006877469
MYRIP,0.0068798536
EHBP1L1,0.006905998
GPAM,0.006914081
SPON2,0.00703674
ADAMTSL2,0.0072878
GPHN,0.0076922164
EPHX1,0.007948264
KLF11,0.008016095
MLLT6,0.008244307
DTNA,0.008410143
NADK2,0.008597927
ITGA9,0.00870427
PDK2,0.009262709
FMO3,0.009271449
HYDIN,0.009887984
CYP4X1,0.01004374
ACSS3,0.010507199
ADAMTSL4,0.010767392
ITPR2,0.010816771
MT1X,0.012069643
SHC2,0.0121331755
FBXO31,0.012437056
WLS,0.012727522
EGFL7,0.012948268
CTNNA3,0.013328512
PGRMC1,0.013750563
SLC3A1,0.014521303
MUC20,0.014953743
CBS,0.015056471
DCPS,0.015280446
SQSTM1,0.015799731
APOC4,0.016894689
NEK10,0.01795194
PTPRS,0.018914307
SHBG,0.019012552
COL6A2,0.01935591
NOTUM,0.021944389
CLDN2,0.022906706
ADH1B,0.023693668
LENG8,0.027178448
CYP2E1,0.027255602
ZC3H3,0.02785404
GLUL,0.029064134
TBX3,0.03040578
ALAD,0.036394026
PROZ,0.036760867
SLCO1B3,0.038151577
CYP3A4,0.040686116
ALDH1L1,0.052539572
RHBG,0.064735495
CYP1A2,0.06621843
